# Blender 4.1.1
# www.blender.org
mtllib qar1.mtl
o Vika_QAR
v -1.404800 0.209762 -0.005000
v -1.404800 0.214000 -2.400000
v -1.404800 0.209762 -2.400000
v -1.404800 0.209762 -1.202500
v -1.404800 0.214000 -0.005000
v -1.404800 0.214000 -1.202500
v -1.404800 0.209762 -0.005000
v -1.414324 0.199773 -0.005000
v -1.404800 0.209762 -2.400000
v -1.404800 0.209762 -1.202500
v -1.414324 0.199773 -1.202500
v -1.414324 0.199773 -2.400000
v -1.410647 0.200667 -2.400000
v -1.407561 0.202859 -2.400000
v -1.405518 0.206046 -2.400000
v -1.405464 0.206179 -0.005000
v -1.407562 0.202861 -0.005000
v -1.410776 0.200607 -0.005000
v -1.404800 0.214000 -0.005000
v -1.401870 0.221071 -2.407071
v -1.404097 0.217685 -2.403685
v -1.404800 0.214000 -2.400000
v -1.394800 0.224000 -2.400000
v -1.398485 0.223297 -2.403684
v -1.404098 0.217681 -0.005000
v -1.401871 0.221071 -0.005000
v -1.398481 0.223298 -0.005000
v -1.404800 0.214000 -1.202500
v -1.394800 0.224000 -0.005000
v -1.394800 0.224000 -1.202500
v -1.394800 0.209762 -2.410000
v -1.404800 0.209762 -2.400000
v -1.404800 0.214000 -2.400000
v -1.398481 0.209762 -2.409298
v -1.401871 0.209762 -2.407071
v -1.404098 0.209762 -2.403681
v -1.404097 0.217685 -2.403685
v -1.401870 0.221071 -2.407071
v -1.398485 0.217684 -2.409297
v -1.394800 0.214000 -2.410000
v -1.414324 0.199773 -0.005000
v -1.414324 0.199773 -1.202500
v -1.414324 0.199773 -2.400000
v -1.414324 -0.199773 -2.400000
v -1.414324 -0.199773 -1.202500
v -1.414324 -0.199773 -0.005000
v -1.428479 0.198593 -2.400000
v -1.451825 0.194394 -2.400000
v -1.473206 0.187937 -2.400000
v -1.493736 0.179139 -2.400000
v -1.513154 0.168105 -2.400000
v -1.531223 0.154976 -2.400000
v -1.548155 0.139460 -2.400000
v -1.563198 0.122108 -2.400000
v -1.576150 0.103144 -2.400000
v -1.586847 0.082821 -2.400000
v -1.594633 0.062955 -2.400000
v -1.600260 0.042373 -2.400000
v -1.603661 0.021307 -2.400000
v -1.604801 0.000000 -2.400000
v -1.603661 -0.021307 -2.400000
v -1.600260 -0.042372 -2.400000
v -1.594633 -0.062955 -2.400000
v -1.586847 -0.082821 -2.400000
v -1.576151 -0.103144 -2.400000
v -1.563198 -0.122108 -2.400000
v -1.548155 -0.139460 -2.400000
v -1.531223 -0.154976 -2.400000
v -1.513154 -0.168105 -2.400000
v -1.493736 -0.179139 -2.400000
v -1.473206 -0.187937 -2.400000
v -1.451825 -0.194394 -2.400000
v -1.428479 -0.198593 -2.400000
v -1.485275 -0.183095 -0.005000
v -1.549549 -0.138013 -0.005000
v -1.591520 -0.071665 -0.005000
v -1.604800 -0.000000 -0.005000
v -1.591520 0.071665 -0.005000
v -1.549549 0.138013 -0.005000
v -1.485275 0.183095 -0.005000
v -1.414324 -0.199773 -0.005000
v -1.404800 -0.209762 -0.005000
v -1.414324 -0.199773 -2.400000
v -1.414324 -0.199773 -1.202500
v -1.404800 -0.209762 -2.400000
v -1.405518 -0.206046 -2.400000
v -1.407561 -0.202859 -2.400000
v -1.410647 -0.200667 -2.400000
v -1.410776 -0.200607 -0.005000
v -1.407562 -0.202861 -0.005000
v -1.405464 -0.206179 -0.005000
v -1.404800 -0.248000 -0.005000
v -1.404800 -0.248000 -2.400000
v -1.404800 -0.248000 -1.601667
v -1.404800 -0.248000 -0.803333
v -1.404800 -0.209762 -0.005000
v -1.404800 -0.209762 -2.400000
v -1.414324 -0.199773 -2.400000
v -1.413848 -0.189784 -2.410000
v -1.410355 -0.200029 -2.403681
v -1.409430 -0.198004 -2.407071
v -1.408022 -0.194921 -2.409298
v -1.406493 -0.191573 -2.410000
v -1.407053 -0.202375 -2.403681
v -1.405441 -0.200838 -2.407071
v -1.402986 -0.198498 -2.409298
v -1.400321 -0.195957 -2.410000
v -1.404866 -0.205785 -2.403681
v -1.402800 -0.204958 -2.407071
v -1.399653 -0.203698 -2.409298
v -1.396236 -0.202330 -2.410000
v -1.404800 -0.209762 -2.400000
v -1.398481 -0.209762 -2.409298
v -1.394800 -0.209762 -2.410000
v -1.414023 -0.193461 -2.409298
v -1.414184 -0.196848 -2.407071
v -1.414290 -0.199072 -2.403681
v -1.410647 -0.200667 -2.400000
v -1.407561 -0.202859 -2.400000
v -1.405518 -0.206046 -2.400000
v -1.404098 -0.209762 -2.403681
v -1.401871 -0.209762 -2.407071
v -1.413848 0.189784 -2.410000
v -1.414324 0.199773 -2.400000
v -1.427295 0.188663 -2.410000
v -1.427731 0.192318 -2.409298
v -1.428132 0.195685 -2.407071
v -1.428396 0.197896 -2.403681
v -1.449474 0.184674 -2.410000
v -1.450339 0.188252 -2.409298
v -1.451136 0.191547 -2.407071
v -1.451660 0.193711 -2.403681
v -1.489289 0.170182 -2.410000
v -1.490925 0.173479 -2.409298
v -1.492433 0.176516 -2.407071
v -1.493423 0.178510 -2.403681
v -1.524902 0.147227 -2.410000
v -1.527229 0.150079 -2.409298
v -1.529372 0.152706 -2.407071
v -1.530779 0.154432 -2.403681
v -1.555278 0.116003 -2.410000
v -1.558193 0.118250 -2.409298
v -1.560879 0.120320 -2.407071
v -1.562642 0.121679 -2.403681
v -1.577744 0.078680 -2.410000
v -1.581095 0.080205 -2.409298
v -1.584181 0.081608 -2.407071
v -1.586207 0.082531 -2.403681
v -1.590487 0.040254 -2.410000
v -1.594085 0.041034 -2.409298
v -1.597398 0.041752 -2.407071
v -1.599574 0.042224 -2.403681
v -1.594801 0.000000 -2.410000
v -1.598481 0.000000 -2.409298
v -1.601872 0.000000 -2.407071
v -1.604099 0.000000 -2.403681
v -1.590487 -0.040254 -2.410000
v -1.594085 -0.041034 -2.409298
v -1.597398 -0.041752 -2.407071
v -1.599574 -0.042224 -2.403681
v -1.577744 -0.078680 -2.410000
v -1.581095 -0.080205 -2.409298
v -1.584181 -0.081608 -2.407071
v -1.586207 -0.082531 -2.403681
v -1.555278 -0.116003 -2.410000
v -1.558193 -0.118250 -2.409298
v -1.560879 -0.120320 -2.407071
v -1.562642 -0.121679 -2.403681
v -1.524902 -0.147227 -2.410000
v -1.527229 -0.150079 -2.409298
v -1.529372 -0.152706 -2.407071
v -1.530779 -0.154432 -2.403681
v -1.489289 -0.170182 -2.410000
v -1.490925 -0.173479 -2.409298
v -1.492433 -0.176516 -2.407071
v -1.493423 -0.178510 -2.403681
v -1.449474 -0.184674 -2.410000
v -1.450339 -0.188252 -2.409298
v -1.451136 -0.191547 -2.407071
v -1.451660 -0.193711 -2.403681
v -1.427295 -0.188663 -2.410000
v -1.427731 -0.192318 -2.409298
v -1.428132 -0.195685 -2.407071
v -1.428396 -0.197896 -2.403681
v -1.413848 -0.189784 -2.410000
v -1.414324 -0.199773 -2.400000
v -1.414023 -0.193461 -2.409298
v -1.414184 -0.196848 -2.407071
v -1.414290 -0.199072 -2.403681
v -1.414290 0.199072 -2.403681
v -1.414184 0.196847 -2.407071
v -1.414023 0.193461 -2.409298
v -1.428479 -0.198593 -2.400000
v -1.451825 -0.194394 -2.400000
v -1.473206 -0.187937 -2.400000
v -1.493736 -0.179139 -2.400000
v -1.513154 -0.168105 -2.400000
v -1.531223 -0.154976 -2.400000
v -1.548155 -0.139460 -2.400000
v -1.563198 -0.122108 -2.400000
v -1.576151 -0.103144 -2.400000
v -1.586847 -0.082821 -2.400000
v -1.594633 -0.062955 -2.400000
v -1.600260 -0.042372 -2.400000
v -1.603661 -0.021307 -2.400000
v -1.604801 0.000000 -2.400000
v -1.603661 0.021307 -2.400000
v -1.600260 0.042373 -2.400000
v -1.594633 0.062955 -2.400000
v -1.586847 0.082821 -2.400000
v -1.576150 0.103144 -2.400000
v -1.563198 0.122108 -2.400000
v -1.548155 0.139460 -2.400000
v -1.531223 0.154976 -2.400000
v -1.513154 0.168105 -2.400000
v -1.493736 0.179139 -2.400000
v -1.473206 0.187937 -2.400000
v -1.451825 0.194394 -2.400000
v -1.428479 0.198593 -2.400000
v -1.428468 0.198502 -2.401350
v -1.428468 -0.198502 -2.401350
v -1.404800 0.209762 -2.400000
v -1.394800 0.209762 -2.410000
v -1.404866 0.205785 -2.403681
v -1.402800 0.204958 -2.407071
v -1.399653 0.203698 -2.409298
v -1.396236 0.202330 -2.410000
v -1.407053 0.202375 -2.403681
v -1.405441 0.200838 -2.407071
v -1.402986 0.198498 -2.409298
v -1.400321 0.195957 -2.410000
v -1.410355 0.200029 -2.403681
v -1.409430 0.198004 -2.407071
v -1.408022 0.194921 -2.409298
v -1.414324 0.199773 -2.400000
v -1.413848 0.189784 -2.410000
v -1.398481 0.209762 -2.409298
v -1.401871 0.209762 -2.407071
v -1.404098 0.209762 -2.403681
v -1.414290 0.199072 -2.403681
v -1.414184 0.196847 -2.407071
v -1.414023 0.193461 -2.409298
v -1.405518 0.206046 -2.400000
v -1.407561 0.202859 -2.400000
v -1.410647 0.200667 -2.400000
v -1.394800 -0.209762 -2.410000
v -1.404098 -0.209762 -2.403681
v -1.404800 -0.209762 -2.400000
v -1.394800 -0.248000 -2.410000
v -1.401871 -0.248000 -2.407071
v -1.404800 -0.248000 -2.400000
v -1.394800 -0.228881 -2.410000
v -1.398481 -0.248000 -2.409298
v -1.404098 -0.248000 -2.403681
v -1.401871 -0.209762 -2.407071
v -1.398481 -0.209762 -2.409298
v -1.404800 0.209762 -0.005000
v -1.404800 0.214000 2.390000
v -1.404800 0.209762 2.390000
v -1.404800 0.209762 1.192500
v -1.404800 0.214000 -0.005000
v -1.404800 0.214000 1.192500
v -1.404800 0.209762 -0.005000
v -1.414324 0.199773 -0.005000
v -1.405464 0.206179 -0.005000
v -1.407562 0.202861 -0.005000
v -1.410776 0.200607 -0.005000
v -1.404800 0.209762 2.390000
v -1.404800 0.209762 1.192500
v -1.414324 0.199773 1.192500
v -1.414324 0.199773 2.390000
v -1.410647 0.200667 2.390000
v -1.407561 0.202859 2.390000
v -1.405518 0.206046 2.390000
v -1.404800 0.214000 -0.005000
v -1.404098 0.217681 -0.005000
v -1.401871 0.221071 -0.005000
v -1.398481 0.223298 -0.005000
v -1.401870 0.221071 2.397071
v -1.404097 0.217685 2.393685
v -1.404800 0.214000 2.390000
v -1.394800 0.224000 2.390000
v -1.398485 0.223297 2.393684
v -1.404800 0.214000 1.192500
v -1.394800 0.224000 -0.005000
v -1.394800 0.224000 1.192500
v -1.394800 0.209762 2.400000
v -1.404800 0.209762 2.390000
v -1.404800 0.214000 2.390000
v -1.398481 0.209762 2.399298
v -1.401871 0.209762 2.397071
v -1.404098 0.209762 2.393681
v -1.404097 0.217685 2.393685
v -1.401870 0.221071 2.397071
v -1.398485 0.217684 2.399297
v -1.394800 0.214000 2.400000
v -1.414324 -0.199773 -0.005000
v -1.485275 -0.183095 -0.005000
v -1.549549 -0.138013 -0.005000
v -1.591520 -0.071665 -0.005000
v -1.604800 -0.000000 -0.005000
v -1.591520 0.071665 -0.005000
v -1.549549 0.138013 -0.005000
v -1.485275 0.183095 -0.005000
v -1.414324 0.199773 -0.005000
v -1.414324 0.199773 1.192500
v -1.414324 0.199773 2.390000
v -1.414324 -0.199773 2.390000
v -1.414324 -0.199773 1.192500
v -1.428479 0.198593 2.390000
v -1.451825 0.194394 2.390000
v -1.473206 0.187937 2.390000
v -1.493736 0.179139 2.390000
v -1.513154 0.168105 2.390000
v -1.531223 0.154976 2.390000
v -1.548155 0.139460 2.390000
v -1.563198 0.122108 2.390000
v -1.576150 0.103144 2.390000
v -1.586847 0.082821 2.390000
v -1.594633 0.062955 2.390000
v -1.600260 0.042373 2.390000
v -1.603661 0.021307 2.390000
v -1.604801 0.000000 2.390000
v -1.603661 -0.021307 2.390000
v -1.600260 -0.042372 2.390000
v -1.594633 -0.062955 2.390000
v -1.586847 -0.082821 2.390000
v -1.576151 -0.103144 2.390000
v -1.563198 -0.122108 2.390000
v -1.548155 -0.139460 2.390000
v -1.531223 -0.154976 2.390000
v -1.513154 -0.168105 2.390000
v -1.493736 -0.179139 2.390000
v -1.473206 -0.187937 2.390000
v -1.451825 -0.194394 2.390000
v -1.428479 -0.198593 2.390000
v -1.414324 -0.199773 -0.005000
v -1.404800 -0.209762 -0.005000
v -1.410776 -0.200607 -0.005000
v -1.407562 -0.202861 -0.005000
v -1.405464 -0.206179 -0.005000
v -1.414324 -0.199773 2.390000
v -1.414324 -0.199773 1.192500
v -1.404800 -0.209762 2.390000
v -1.405518 -0.206046 2.390000
v -1.407561 -0.202859 2.390000
v -1.410647 -0.200667 2.390000
v -1.404800 -0.248000 -0.005000
v -1.404800 -0.248000 2.390000
v -1.404800 -0.248000 1.591667
v -1.404800 -0.248000 0.793333
v -1.404800 -0.209762 -0.005000
v -1.404800 -0.209762 2.390000
v -1.414324 -0.199773 2.390000
v -1.413848 -0.189784 2.400000
v -1.410355 -0.200029 2.393681
v -1.409430 -0.198004 2.397071
v -1.408022 -0.194921 2.399298
v -1.406493 -0.191573 2.400000
v -1.407053 -0.202375 2.393681
v -1.405441 -0.200838 2.397071
v -1.402986 -0.198498 2.399298
v -1.400321 -0.195957 2.400000
v -1.404866 -0.205785 2.393681
v -1.402800 -0.204958 2.397071
v -1.399653 -0.203698 2.399298
v -1.396236 -0.202330 2.400000
v -1.404800 -0.209762 2.390000
v -1.398481 -0.209762 2.399298
v -1.394800 -0.209762 2.400000
v -1.414023 -0.193461 2.399298
v -1.414184 -0.196848 2.397071
v -1.414290 -0.199072 2.393681
v -1.410647 -0.200667 2.390000
v -1.407561 -0.202859 2.390000
v -1.405518 -0.206046 2.390000
v -1.404098 -0.209762 2.393681
v -1.401871 -0.209762 2.397071
v -1.413848 0.189784 2.400000
v -1.414324 0.199773 2.390000
v -1.427295 0.188663 2.400000
v -1.427731 0.192318 2.399298
v -1.428132 0.195685 2.397071
v -1.428396 0.197896 2.393681
v -1.449474 0.184674 2.400000
v -1.450339 0.188252 2.399298
v -1.451136 0.191547 2.397071
v -1.451660 0.193711 2.393681
v -1.489289 0.170182 2.400000
v -1.490925 0.173479 2.399298
v -1.492433 0.176516 2.397071
v -1.493423 0.178510 2.393681
v -1.524902 0.147227 2.400000
v -1.527229 0.150079 2.399298
v -1.529372 0.152706 2.397071
v -1.530779 0.154432 2.393681
v -1.555278 0.116003 2.400000
v -1.558193 0.118250 2.399298
v -1.560879 0.120320 2.397071
v -1.562642 0.121679 2.393681
v -1.577744 0.078680 2.400000
v -1.581095 0.080205 2.399298
v -1.584181 0.081608 2.397071
v -1.586207 0.082531 2.393681
v -1.590487 0.040254 2.400000
v -1.594085 0.041034 2.399298
v -1.597398 0.041752 2.397071
v -1.599574 0.042224 2.393681
v -1.594801 0.000000 2.400000
v -1.598481 0.000000 2.399298
v -1.601872 0.000000 2.397071
v -1.604099 0.000000 2.393681
v -1.590487 -0.040254 2.400000
v -1.594085 -0.041034 2.399298
v -1.597398 -0.041752 2.397071
v -1.599574 -0.042224 2.393681
v -1.577744 -0.078680 2.400000
v -1.581095 -0.080205 2.399298
v -1.584181 -0.081608 2.397071
v -1.586207 -0.082531 2.393681
v -1.555278 -0.116003 2.400000
v -1.558193 -0.118250 2.399298
v -1.560879 -0.120320 2.397071
v -1.562642 -0.121679 2.393681
v -1.524902 -0.147227 2.400000
v -1.527229 -0.150079 2.399298
v -1.529372 -0.152706 2.397071
v -1.530779 -0.154432 2.393681
v -1.489289 -0.170182 2.400000
v -1.490925 -0.173479 2.399298
v -1.492433 -0.176516 2.397071
v -1.493423 -0.178510 2.393681
v -1.449474 -0.184674 2.400000
v -1.450339 -0.188252 2.399298
v -1.451136 -0.191547 2.397071
v -1.451660 -0.193711 2.393681
v -1.427295 -0.188663 2.400000
v -1.427731 -0.192318 2.399298
v -1.428132 -0.195685 2.397071
v -1.428396 -0.197896 2.393681
v -1.413848 -0.189784 2.400000
v -1.414324 -0.199773 2.390000
v -1.414023 -0.193461 2.399298
v -1.414184 -0.196848 2.397071
v -1.414290 -0.199072 2.393681
v -1.414290 0.199072 2.393681
v -1.414184 0.196847 2.397071
v -1.414023 0.193461 2.399298
v -1.428479 -0.198593 2.390000
v -1.451825 -0.194394 2.390000
v -1.473206 -0.187937 2.390000
v -1.493736 -0.179139 2.390000
v -1.513154 -0.168105 2.390000
v -1.531223 -0.154976 2.390000
v -1.548155 -0.139460 2.390000
v -1.563198 -0.122108 2.390000
v -1.576151 -0.103144 2.390000
v -1.586847 -0.082821 2.390000
v -1.594633 -0.062955 2.390000
v -1.600260 -0.042372 2.390000
v -1.603661 -0.021307 2.390000
v -1.604801 0.000000 2.390000
v -1.603661 0.021307 2.390000
v -1.600260 0.042373 2.390000
v -1.594633 0.062955 2.390000
v -1.586847 0.082821 2.390000
v -1.576150 0.103144 2.390000
v -1.563198 0.122108 2.390000
v -1.548155 0.139460 2.390000
v -1.531223 0.154976 2.390000
v -1.513154 0.168105 2.390000
v -1.493736 0.179139 2.390000
v -1.473206 0.187937 2.390000
v -1.451825 0.194394 2.390000
v -1.428479 0.198593 2.390000
v -1.428468 0.198502 2.391350
v -1.428468 -0.198502 2.391350
v -1.404800 0.209762 2.390000
v -1.394800 0.209762 2.400000
v -1.404866 0.205785 2.393681
v -1.402800 0.204958 2.397071
v -1.399653 0.203698 2.399298
v -1.396236 0.202330 2.400000
v -1.407053 0.202375 2.393681
v -1.405441 0.200838 2.397071
v -1.402986 0.198498 2.399298
v -1.400321 0.195957 2.400000
v -1.410355 0.200029 2.393681
v -1.409430 0.198004 2.397071
v -1.408022 0.194921 2.399298
v -1.414324 0.199773 2.390000
v -1.413848 0.189784 2.400000
v -1.398481 0.209762 2.399298
v -1.401871 0.209762 2.397071
v -1.404098 0.209762 2.393681
v -1.414290 0.199072 2.393681
v -1.414184 0.196847 2.397071
v -1.414023 0.193461 2.399298
v -1.405518 0.206046 2.390000
v -1.407561 0.202859 2.390000
v -1.410647 0.200667 2.390000
v -1.394800 -0.209762 2.400000
v -1.401871 -0.209762 2.397071
v -1.404098 -0.209762 2.393681
v -1.404800 -0.209762 2.390000
v -1.394800 -0.248000 2.400000
v -1.401871 -0.248000 2.397071
v -1.404098 -0.248000 2.393681
v -1.404800 -0.248000 2.390000
v -1.394800 -0.228881 2.400000
v -1.398481 -0.248000 2.399298
v -1.398481 -0.209762 2.399298
v 0.017600 0.224000 -2.400000
v -1.394800 0.214000 -2.410000
v -1.398485 0.217684 -2.409297
v -1.401870 0.221071 -2.407071
v -1.398485 0.223297 -2.403684
v -1.394800 0.224000 -2.400000
v -0.688600 0.224000 -2.400000
v 0.017600 0.223298 -2.403681
v 0.017600 0.221071 -2.407071
v 0.017600 0.217681 -2.409298
v 0.017600 0.214000 -2.410000
v -0.264880 0.214000 -2.410000
v -0.547360 0.214000 -2.410000
v -0.829840 0.214000 -2.410000
v -1.112320 0.214000 -2.410000
v 0.017600 0.214000 2.400000
v 0.017600 0.224000 2.390000
v -1.394800 0.214000 2.400000
v -1.398485 0.217684 2.399297
v -1.401870 0.221071 2.397071
v -1.398485 0.223297 2.393684
v -1.394800 0.224000 2.390000
v -0.688600 0.224000 2.390000
v 0.017600 0.223298 2.393681
v 0.017600 0.221071 2.397071
v 0.017600 0.217681 2.399298
v 1.440000 0.209762 -0.005000
v 1.440000 0.214000 -2.400000
v 1.440000 0.209762 -2.400000
v 1.440000 0.209762 -1.202500
v 1.440000 0.214000 -0.005000
v 1.440000 0.214000 -1.202500
v 1.440000 0.209762 -0.005000
v 1.449524 0.199773 -0.005000
v 1.440000 0.209762 -2.400000
v 1.440000 0.209762 -1.202500
v 1.449524 0.199773 -1.202500
v 1.449524 0.199773 -2.400000
v 1.445847 0.200667 -2.400000
v 1.442761 0.202859 -2.400000
v 1.440718 0.206046 -2.400000
v 1.440664 0.206179 -0.005000
v 1.442763 0.202861 -0.005000
v 1.445976 0.200607 -0.005000
v 1.440000 0.214000 -0.005000
v 1.437070 0.221071 -2.407071
v 1.439297 0.217685 -2.403685
v 1.440000 0.214000 -2.400000
v 1.430000 0.224000 -2.400000
v 1.433685 0.223297 -2.403684
v 1.439298 0.217681 -0.005000
v 1.437071 0.221071 -0.005000
v 1.433681 0.223298 -0.005000
v 1.440000 0.214000 -1.202500
v 1.430000 0.224000 -0.005000
v 1.430000 0.224000 -1.202500
v 1.430000 0.209762 -2.410000
v 1.440000 0.209762 -2.400000
v 1.440000 0.214000 -2.400000
v 1.433681 0.209762 -2.409298
v 1.437071 0.209762 -2.407071
v 1.439298 0.209762 -2.403681
v 1.439297 0.217685 -2.403685
v 1.437070 0.221071 -2.407071
v 1.433685 0.217684 -2.409297
v 1.430000 0.214000 -2.410000
v 1.449524 0.199773 -0.005000
v 1.449524 0.199773 -1.202500
v 1.449524 0.199773 -2.400000
v 1.449524 -0.199773 -2.400000
v 1.449524 -0.199773 -1.202500
v 1.449524 -0.199773 -0.005000
v 1.463679 0.198593 -2.400000
v 1.487025 0.194394 -2.400000
v 1.508406 0.187937 -2.400000
v 1.528935 0.179139 -2.400000
v 1.548354 0.168105 -2.400000
v 1.566423 0.154976 -2.400000
v 1.583355 0.139460 -2.400000
v 1.598398 0.122108 -2.400000
v 1.611351 0.103144 -2.400000
v 1.622046 0.082821 -2.400000
v 1.629833 0.062955 -2.400000
v 1.635460 0.042373 -2.400000
v 1.638861 0.021307 -2.400000
v 1.640001 0.000000 -2.400000
v 1.638861 -0.021307 -2.400000
v 1.635460 -0.042372 -2.400000
v 1.629833 -0.062955 -2.400000
v 1.622046 -0.082821 -2.400000
v 1.611351 -0.103144 -2.400000
v 1.598398 -0.122108 -2.400000
v 1.583355 -0.139460 -2.400000
v 1.566423 -0.154976 -2.400000
v 1.548354 -0.168105 -2.400000
v 1.528935 -0.179139 -2.400000
v 1.508406 -0.187937 -2.400000
v 1.487025 -0.194394 -2.400000
v 1.463679 -0.198593 -2.400000
v 1.520475 -0.183095 -0.005000
v 1.584749 -0.138013 -0.005000
v 1.626719 -0.071665 -0.005000
v 1.640000 -0.000000 -0.005000
v 1.626719 0.071665 -0.005000
v 1.584749 0.138013 -0.005000
v 1.520475 0.183095 -0.005000
v 1.449524 -0.199773 -0.005000
v 1.440000 -0.209762 -0.005000
v 1.449524 -0.199773 -2.400000
v 1.449524 -0.199773 -1.202500
v 1.440000 -0.209762 -2.400000
v 1.440718 -0.206046 -2.400000
v 1.442761 -0.202859 -2.400000
v 1.445847 -0.200667 -2.400000
v 1.445976 -0.200607 -0.005000
v 1.442763 -0.202861 -0.005000
v 1.440664 -0.206179 -0.005000
v 1.440000 -0.248000 -0.005000
v 1.440000 -0.248000 -2.400000
v 1.440000 -0.248000 -1.601667
v 1.440000 -0.248000 -0.803333
v 1.440000 -0.209762 -0.005000
v 1.440000 -0.209762 -2.400000
v 1.449524 -0.199773 -2.400000
v 1.449048 -0.189784 -2.410000
v 1.445555 -0.200029 -2.403681
v 1.444630 -0.198004 -2.407071
v 1.443222 -0.194921 -2.409298
v 1.441693 -0.191573 -2.410000
v 1.442253 -0.202375 -2.403681
v 1.440640 -0.200838 -2.407071
v 1.438186 -0.198498 -2.409298
v 1.435521 -0.195957 -2.410000
v 1.440066 -0.205785 -2.403681
v 1.438000 -0.204958 -2.407071
v 1.434853 -0.203698 -2.409298
v 1.431436 -0.202330 -2.410000
v 1.440000 -0.209762 -2.400000
v 1.433681 -0.209762 -2.409298
v 1.430000 -0.209762 -2.410000
v 1.449223 -0.193461 -2.409298
v 1.449384 -0.196848 -2.407071
v 1.449490 -0.199072 -2.403681
v 1.445847 -0.200667 -2.400000
v 1.442761 -0.202859 -2.400000
v 1.440718 -0.206046 -2.400000
v 1.439298 -0.209762 -2.403681
v 1.437071 -0.209762 -2.407071
v 1.449048 0.189784 -2.410000
v 1.449524 0.199773 -2.400000
v 1.462495 0.188663 -2.410000
v 1.462931 0.192318 -2.409298
v 1.463332 0.195685 -2.407071
v 1.463596 0.197896 -2.403681
v 1.484674 0.184674 -2.410000
v 1.485539 0.188252 -2.409298
v 1.486336 0.191547 -2.407071
v 1.486860 0.193711 -2.403681
v 1.524489 0.170182 -2.410000
v 1.526125 0.173479 -2.409298
v 1.527633 0.176516 -2.407071
v 1.528623 0.178510 -2.403681
v 1.560102 0.147227 -2.410000
v 1.562429 0.150079 -2.409298
v 1.564572 0.152706 -2.407071
v 1.565979 0.154432 -2.403681
v 1.590478 0.116003 -2.410000
v 1.593393 0.118250 -2.409298
v 1.596078 0.120320 -2.407071
v 1.597842 0.121679 -2.403681
v 1.612944 0.078680 -2.410000
v 1.616295 0.080205 -2.409298
v 1.619380 0.081608 -2.407071
v 1.621407 0.082531 -2.403681
v 1.625687 0.040254 -2.410000
v 1.629285 0.041034 -2.409298
v 1.632598 0.041752 -2.407071
v 1.634774 0.042224 -2.403681
v 1.630001 0.000000 -2.410000
v 1.633682 0.000000 -2.409298
v 1.637072 0.000000 -2.407071
v 1.639299 0.000000 -2.403681
v 1.625687 -0.040254 -2.410000
v 1.629285 -0.041034 -2.409298
v 1.632598 -0.041752 -2.407071
v 1.634774 -0.042224 -2.403681
v 1.612944 -0.078680 -2.410000
v 1.616295 -0.080205 -2.409298
v 1.619380 -0.081608 -2.407071
v 1.621407 -0.082531 -2.403681
v 1.590478 -0.116003 -2.410000
v 1.593394 -0.118250 -2.409298
v 1.596079 -0.120320 -2.407071
v 1.597842 -0.121679 -2.403681
v 1.560102 -0.147227 -2.410000
v 1.562429 -0.150079 -2.409298
v 1.564572 -0.152706 -2.407071
v 1.565979 -0.154432 -2.403681
v 1.524489 -0.170182 -2.410000
v 1.526125 -0.173479 -2.409298
v 1.527633 -0.176516 -2.407071
v 1.528623 -0.178510 -2.403681
v 1.484674 -0.184674 -2.410000
v 1.485539 -0.188252 -2.409298
v 1.486336 -0.191547 -2.407071
v 1.486860 -0.193711 -2.403681
v 1.462495 -0.188663 -2.410000
v 1.462931 -0.192318 -2.409298
v 1.463332 -0.195685 -2.407071
v 1.463596 -0.197896 -2.403681
v 1.449048 -0.189784 -2.410000
v 1.449524 -0.199773 -2.400000
v 1.449223 -0.193461 -2.409298
v 1.449384 -0.196848 -2.407071
v 1.449490 -0.199072 -2.403681
v 1.449490 0.199072 -2.403681
v 1.449384 0.196847 -2.407071
v 1.449223 0.193461 -2.409298
v 1.463679 -0.198593 -2.400000
v 1.487025 -0.194394 -2.400000
v 1.508406 -0.187937 -2.400000
v 1.528935 -0.179139 -2.400000
v 1.548354 -0.168105 -2.400000
v 1.566423 -0.154976 -2.400000
v 1.583355 -0.139460 -2.400000
v 1.598398 -0.122108 -2.400000
v 1.611351 -0.103144 -2.400000
v 1.622046 -0.082821 -2.400000
v 1.629833 -0.062955 -2.400000
v 1.635460 -0.042372 -2.400000
v 1.638861 -0.021307 -2.400000
v 1.640001 0.000000 -2.400000
v 1.638861 0.021307 -2.400000
v 1.635460 0.042373 -2.400000
v 1.629833 0.062955 -2.400000
v 1.622046 0.082821 -2.400000
v 1.611351 0.103144 -2.400000
v 1.598398 0.122108 -2.400000
v 1.583355 0.139460 -2.400000
v 1.566423 0.154976 -2.400000
v 1.548354 0.168105 -2.400000
v 1.528935 0.179139 -2.400000
v 1.508406 0.187937 -2.400000
v 1.487025 0.194394 -2.400000
v 1.463679 0.198593 -2.400000
v 1.463668 0.198502 -2.401350
v 1.463668 -0.198502 -2.401350
v 1.440000 0.209762 -2.400000
v 1.430000 0.209762 -2.410000
v 1.440066 0.205785 -2.403681
v 1.438000 0.204958 -2.407071
v 1.434853 0.203698 -2.409298
v 1.431436 0.202330 -2.410000
v 1.442253 0.202375 -2.403681
v 1.440640 0.200838 -2.407071
v 1.438186 0.198498 -2.409298
v 1.435521 0.195957 -2.410000
v 1.445555 0.200029 -2.403681
v 1.444630 0.198004 -2.407071
v 1.443222 0.194921 -2.409298
v 1.449524 0.199773 -2.400000
v 1.449048 0.189784 -2.410000
v 1.433681 0.209762 -2.409298
v 1.437071 0.209762 -2.407071
v 1.439298 0.209762 -2.403681
v 1.449490 0.199072 -2.403681
v 1.449384 0.196847 -2.407071
v 1.449223 0.193461 -2.409298
v 1.440718 0.206046 -2.400000
v 1.442761 0.202859 -2.400000
v 1.445847 0.200667 -2.400000
v 1.430000 -0.209762 -2.410000
v 1.437071 -0.209762 -2.407071
v 1.439298 -0.209762 -2.403681
v 1.440000 -0.209762 -2.400000
v 1.430000 -0.248000 -2.410000
v 1.437071 -0.248000 -2.407071
v 1.440000 -0.248000 -2.400000
v 1.430000 -0.228881 -2.410000
v 1.433681 -0.248000 -2.409298
v 1.439298 -0.248000 -2.403681
v 1.433681 -0.209762 -2.409298
v 1.440000 0.209762 -0.005000
v 1.440000 0.214000 2.390000
v 1.440000 0.209762 2.390000
v 1.440000 0.209762 1.192500
v 1.440000 0.214000 -0.005000
v 1.440000 0.214000 1.192500
v 1.440000 0.209762 -0.005000
v 1.449524 0.199773 -0.005000
v 1.440664 0.206179 -0.005000
v 1.442763 0.202861 -0.005000
v 1.445976 0.200607 -0.005000
v 1.440000 0.209762 2.390000
v 1.440000 0.209762 1.192500
v 1.449524 0.199773 1.192500
v 1.449524 0.199773 2.390000
v 1.445847 0.200667 2.390000
v 1.442761 0.202859 2.390000
v 1.440718 0.206046 2.390000
v 1.440000 0.214000 -0.005000
v 1.439298 0.217681 -0.005000
v 1.437071 0.221071 -0.005000
v 1.433681 0.223298 -0.005000
v 1.437070 0.221071 2.397071
v 1.439297 0.217685 2.393685
v 1.440000 0.214000 2.390000
v 1.430000 0.224000 2.390000
v 1.433685 0.223297 2.393684
v 1.440000 0.214000 1.192500
v 1.430000 0.224000 -0.005000
v 1.430000 0.224000 1.192500
v 1.430000 0.209762 2.400000
v 1.440000 0.209762 2.390000
v 1.440000 0.214000 2.390000
v 1.433681 0.209762 2.399298
v 1.437071 0.209762 2.397071
v 1.439298 0.209762 2.393681
v 1.439297 0.217685 2.393685
v 1.437070 0.221071 2.397071
v 1.433685 0.217684 2.399297
v 1.430000 0.214000 2.400000
v 1.449524 -0.199773 -0.005000
v 1.520475 -0.183095 -0.005000
v 1.584749 -0.138013 -0.005000
v 1.626719 -0.071665 -0.005000
v 1.640000 -0.000000 -0.005000
v 1.626719 0.071665 -0.005000
v 1.584749 0.138013 -0.005000
v 1.520475 0.183095 -0.005000
v 1.449524 0.199773 -0.005000
v 1.449524 0.199773 1.192500
v 1.449524 0.199773 2.390000
v 1.449524 -0.199773 2.390000
v 1.449524 -0.199773 1.192500
v 1.463679 0.198593 2.390000
v 1.487025 0.194394 2.390000
v 1.508406 0.187937 2.390000
v 1.528935 0.179139 2.390000
v 1.548354 0.168105 2.390000
v 1.566423 0.154976 2.390000
v 1.583355 0.139460 2.390000
v 1.598398 0.122108 2.390000
v 1.611351 0.103144 2.390000
v 1.622046 0.082821 2.390000
v 1.629833 0.062955 2.390000
v 1.635460 0.042373 2.390000
v 1.638861 0.021307 2.390000
v 1.640001 0.000000 2.390000
v 1.638861 -0.021307 2.390000
v 1.635460 -0.042372 2.390000
v 1.629833 -0.062955 2.390000
v 1.622046 -0.082821 2.390000
v 1.611351 -0.103144 2.390000
v 1.598398 -0.122108 2.390000
v 1.583355 -0.139460 2.390000
v 1.566423 -0.154976 2.390000
v 1.548354 -0.168105 2.390000
v 1.528935 -0.179139 2.390000
v 1.508406 -0.187937 2.390000
v 1.487025 -0.194394 2.390000
v 1.463679 -0.198593 2.390000
v 1.449524 -0.199773 -0.005000
v 1.440000 -0.209762 -0.005000
v 1.445976 -0.200607 -0.005000
v 1.442763 -0.202861 -0.005000
v 1.440664 -0.206179 -0.005000
v 1.449524 -0.199773 2.390000
v 1.449524 -0.199773 1.192500
v 1.440000 -0.209762 2.390000
v 1.440718 -0.206046 2.390000
v 1.442761 -0.202859 2.390000
v 1.445847 -0.200667 2.390000
v 1.440000 -0.248000 -0.005000
v 1.440000 -0.248000 2.390000
v 1.440000 -0.248000 1.591667
v 1.440000 -0.248000 0.793333
v 1.440000 -0.209762 -0.005000
v 1.440000 -0.209762 2.390000
v 1.449524 -0.199773 2.390000
v 1.449048 -0.189784 2.400000
v 1.445555 -0.200029 2.393681
v 1.444630 -0.198004 2.397071
v 1.443222 -0.194921 2.399298
v 1.441693 -0.191573 2.400000
v 1.442253 -0.202375 2.393681
v 1.440640 -0.200838 2.397071
v 1.438186 -0.198498 2.399298
v 1.435521 -0.195957 2.400000
v 1.440066 -0.205785 2.393681
v 1.438000 -0.204958 2.397071
v 1.434853 -0.203698 2.399298
v 1.431436 -0.202330 2.400000
v 1.440000 -0.209762 2.390000
v 1.433681 -0.209762 2.399298
v 1.430000 -0.209762 2.400000
v 1.449223 -0.193461 2.399298
v 1.449384 -0.196848 2.397071
v 1.449490 -0.199072 2.393681
v 1.445847 -0.200667 2.390000
v 1.442761 -0.202859 2.390000
v 1.440718 -0.206046 2.390000
v 1.439298 -0.209762 2.393681
v 1.437071 -0.209762 2.397071
v 1.449048 0.189784 2.400000
v 1.449524 0.199773 2.390000
v 1.462495 0.188663 2.400000
v 1.462931 0.192318 2.399298
v 1.463332 0.195685 2.397071
v 1.463596 0.197896 2.393681
v 1.484674 0.184674 2.400000
v 1.485539 0.188252 2.399298
v 1.486336 0.191547 2.397071
v 1.486860 0.193711 2.393681
v 1.524489 0.170182 2.400000
v 1.526125 0.173479 2.399298
v 1.527633 0.176516 2.397071
v 1.528623 0.178510 2.393681
v 1.560102 0.147227 2.400000
v 1.562429 0.150079 2.399298
v 1.564572 0.152706 2.397071
v 1.565979 0.154432 2.393681
v 1.590478 0.116003 2.400000
v 1.593393 0.118250 2.399298
v 1.596078 0.120320 2.397071
v 1.597842 0.121679 2.393681
v 1.612944 0.078680 2.400000
v 1.616295 0.080205 2.399298
v 1.619380 0.081608 2.397071
v 1.621407 0.082531 2.393681
v 1.625687 0.040254 2.400000
v 1.629285 0.041034 2.399298
v 1.632598 0.041752 2.397071
v 1.634774 0.042224 2.393681
v 1.630001 0.000000 2.400000
v 1.633682 0.000000 2.399298
v 1.637072 0.000000 2.397071
v 1.639299 0.000000 2.393681
v 1.625687 -0.040254 2.400000
v 1.629285 -0.041034 2.399298
v 1.632598 -0.041752 2.397071
v 1.634774 -0.042224 2.393681
v 1.612944 -0.078680 2.400000
v 1.616295 -0.080205 2.399298
v 1.619380 -0.081608 2.397071
v 1.621407 -0.082531 2.393681
v 1.590478 -0.116003 2.400000
v 1.593394 -0.118250 2.399298
v 1.596079 -0.120320 2.397071
v 1.597842 -0.121679 2.393681
v 1.560102 -0.147227 2.400000
v 1.562429 -0.150079 2.399298
v 1.564572 -0.152706 2.397071
v 1.565979 -0.154432 2.393681
v 1.524489 -0.170182 2.400000
v 1.526125 -0.173479 2.399298
v 1.527633 -0.176516 2.397071
v 1.528623 -0.178510 2.393681
v 1.484674 -0.184674 2.400000
v 1.485539 -0.188252 2.399298
v 1.486336 -0.191547 2.397071
v 1.486860 -0.193711 2.393681
v 1.462495 -0.188663 2.400000
v 1.462931 -0.192318 2.399298
v 1.463332 -0.195685 2.397071
v 1.463596 -0.197896 2.393681
v 1.449048 -0.189784 2.400000
v 1.449524 -0.199773 2.390000
v 1.449223 -0.193461 2.399298
v 1.449384 -0.196848 2.397071
v 1.449490 -0.199072 2.393681
v 1.449490 0.199072 2.393681
v 1.449384 0.196847 2.397071
v 1.449223 0.193461 2.399298
v 1.463679 -0.198593 2.390000
v 1.487025 -0.194394 2.390000
v 1.508406 -0.187937 2.390000
v 1.528935 -0.179139 2.390000
v 1.548354 -0.168105 2.390000
v 1.566423 -0.154976 2.390000
v 1.583355 -0.139460 2.390000
v 1.598398 -0.122108 2.390000
v 1.611351 -0.103144 2.390000
v 1.622046 -0.082821 2.390000
v 1.629833 -0.062955 2.390000
v 1.635460 -0.042372 2.390000
v 1.638861 -0.021307 2.390000
v 1.640001 0.000000 2.390000
v 1.638861 0.021307 2.390000
v 1.635460 0.042373 2.390000
v 1.629833 0.062955 2.390000
v 1.622046 0.082821 2.390000
v 1.611351 0.103144 2.390000
v 1.598398 0.122108 2.390000
v 1.583355 0.139460 2.390000
v 1.566423 0.154976 2.390000
v 1.548354 0.168105 2.390000
v 1.528935 0.179139 2.390000
v 1.508406 0.187937 2.390000
v 1.487025 0.194394 2.390000
v 1.463679 0.198593 2.390000
v 1.463668 0.198502 2.391350
v 1.463668 -0.198502 2.391350
v 1.440000 0.209762 2.390000
v 1.430000 0.209762 2.400000
v 1.440066 0.205785 2.393681
v 1.438000 0.204958 2.397071
v 1.434853 0.203698 2.399298
v 1.431436 0.202330 2.400000
v 1.442253 0.202375 2.393681
v 1.440640 0.200838 2.397071
v 1.438186 0.198498 2.399298
v 1.435521 0.195957 2.400000
v 1.445555 0.200029 2.393681
v 1.444630 0.198004 2.397071
v 1.443222 0.194921 2.399298
v 1.449524 0.199773 2.390000
v 1.449048 0.189784 2.400000
v 1.433681 0.209762 2.399298
v 1.437071 0.209762 2.397071
v 1.439298 0.209762 2.393681
v 1.449490 0.199072 2.393681
v 1.449384 0.196847 2.397071
v 1.449223 0.193461 2.399298
v 1.440718 0.206046 2.390000
v 1.442761 0.202859 2.390000
v 1.445847 0.200667 2.390000
v 1.430000 -0.209762 2.400000
v 1.437071 -0.209762 2.397071
v 1.439298 -0.209762 2.393681
v 1.440000 -0.209762 2.390000
v 1.430000 -0.248000 2.400000
v 1.437071 -0.248000 2.397071
v 1.440000 -0.248000 2.390000
v 1.430000 -0.228881 2.400000
v 1.433681 -0.248000 2.399298
v 1.439298 -0.248000 2.393681
v 1.433681 -0.209762 2.399298
v 0.017600 0.224000 -2.400000
v 0.017600 0.223298 -2.403681
v 0.017600 0.221071 -2.407071
v 0.017600 0.217681 -2.409298
v 1.430000 0.214000 -2.410000
v 1.433685 0.217684 -2.409297
v 1.437070 0.221071 -2.407071
v 1.433685 0.223297 -2.403684
v 1.430000 0.224000 -2.400000
v 0.723800 0.224000 -2.400000
v 0.017600 0.214000 -2.410000
v 0.300080 0.214000 -2.410000
v 0.582560 0.214000 -2.410000
v 0.865040 0.214000 -2.410000
v 1.147520 0.214000 -2.410000
v 0.017600 0.214000 2.400000
v 0.017600 0.223298 2.393681
v 0.017600 0.224000 2.390000
v 0.017600 0.221071 2.397071
v 0.017600 0.217681 2.399298
v 1.430000 0.214000 2.400000
v 1.433685 0.217684 2.399297
v 1.437070 0.221071 2.397071
v 1.433685 0.223297 2.393684
v 1.430000 0.224000 2.390000
v 0.723800 0.224000 2.390000
v 0.017600 0.224000 -2.400000
v -0.688600 0.224000 -2.400000
v -1.394800 0.224000 -2.400000
v -1.394800 0.224000 -1.202500
v -1.394800 0.224000 -0.005000
v -1.394800 0.224000 2.390000
v -0.688600 0.224000 2.390000
v 0.017600 0.224000 2.390000
v -1.394800 0.224000 1.192500
v 1.430000 0.224000 -2.400000
v 0.723800 0.224000 -2.400000
v 1.430000 0.224000 -0.005000
v 1.430000 0.224000 -1.202500
v 0.723800 0.224000 2.390000
v 1.430000 0.224000 2.390000
v 1.430000 0.224000 1.192500
v 0.728800 -0.248000 1.197500
v 0.728800 -0.248000 -0.005000
v 0.728800 -0.248000 -1.207500
v 0.017600 -0.248000 1.197500
v 0.017600 -0.248000 -0.005000
v 0.017600 -0.248000 -1.207500
v -0.693600 -0.248000 1.197500
v -0.693600 -0.248000 -0.005000
v -0.693600 -0.248000 -1.207500
v -1.404800 -0.248000 -0.005000
v -1.404800 -0.248000 -0.803333
v -1.404800 -0.248000 -1.601667
v -1.404800 -0.248000 -2.400000
v -1.404098 -0.248000 -2.403681
v -1.401871 -0.248000 -2.407071
v -1.398481 -0.248000 -2.409298
v -1.394800 -0.248000 -2.410000
v -1.404800 -0.248000 2.390000
v -1.404800 -0.248000 1.591667
v -1.404800 -0.248000 0.793333
v -1.394800 -0.248000 2.400000
v -1.398481 -0.248000 2.399298
v -1.401871 -0.248000 2.397071
v -1.404098 -0.248000 2.393681
v 1.440000 -0.248000 -2.400000
v 1.440000 -0.248000 -1.601667
v 1.440000 -0.248000 -0.803333
v 1.440000 -0.248000 -0.005000
v 1.430000 -0.248000 -2.410000
v 1.433681 -0.248000 -2.409298
v 1.437071 -0.248000 -2.407071
v 1.439298 -0.248000 -2.403681
v 1.440000 -0.248000 0.793333
v 1.440000 -0.248000 1.591667
v 1.440000 -0.248000 2.390000
v 1.439298 -0.248000 2.393681
v 1.437071 -0.248000 2.397071
v 1.433681 -0.248000 2.399298
v 1.430000 -0.248000 2.400000
v 1.147520 -0.248000 2.400000
v 0.865040 -0.248000 2.400000
v 0.582560 -0.248000 2.400000
v 0.300080 -0.248000 2.400000
v 0.017600 -0.248000 2.400000
v -0.264880 -0.248000 2.400000
v -0.547360 -0.248000 2.400000
v -0.829840 -0.248000 2.400000
v -1.112320 -0.248000 2.400000
v -1.112320 -0.248000 -2.410000
v -0.829840 -0.248000 -2.410000
v -0.547360 -0.248000 -2.410000
v -0.264880 -0.248000 -2.410000
v 0.017600 -0.248000 -2.410000
v 0.300080 -0.248000 -2.410000
v 0.582560 -0.248000 -2.410000
v 0.865040 -0.248000 -2.410000
v 1.147520 -0.248000 -2.410000
v 1.234400 -0.190250 2.400000
v 1.234400 -0.132500 2.400000
v 1.234400 -0.074750 2.400000
v 1.234400 -0.017000 2.400000
v 1.234400 0.040750 2.400000
v 1.234400 0.098500 2.400000
v 1.234400 0.156250 2.400000
v 0.828800 -0.190250 2.400000
v 0.828800 -0.132500 2.400000
v 0.828800 -0.074750 2.400000
v 0.828800 -0.017000 2.400000
v 0.828800 0.040750 2.400000
v 0.828800 0.098500 2.400000
v 0.828800 0.156250 2.400000
v 0.423200 -0.190250 2.400000
v 0.423200 -0.132500 2.400000
v 0.423200 -0.074750 2.400000
v 0.423200 -0.017000 2.400000
v 0.423200 0.040750 2.400000
v 0.423200 0.098500 2.400000
v 0.423200 0.156250 2.400000
v 0.017600 -0.190250 2.400000
v 0.017600 -0.132500 2.400000
v 0.017600 -0.074750 2.400000
v 0.017600 -0.017000 2.400000
v 0.017600 0.040750 2.400000
v 0.017600 0.098500 2.400000
v 0.017600 0.156250 2.400000
v -0.388000 -0.190250 2.400000
v -0.388000 -0.132500 2.400000
v -0.388000 -0.074750 2.400000
v -0.388000 -0.017000 2.400000
v -0.388000 0.040750 2.400000
v -0.388000 0.098500 2.400000
v -0.388000 0.156250 2.400000
v -0.793600 -0.190250 2.400000
v -0.793600 -0.132500 2.400000
v -0.793600 -0.074750 2.400000
v -0.793600 -0.017000 2.400000
v -0.793600 0.040750 2.400000
v -0.793600 0.098500 2.400000
v -0.793600 0.156250 2.400000
v -1.199200 -0.190250 2.400000
v -1.199200 -0.132500 2.400000
v -1.199200 -0.074750 2.400000
v -1.199200 -0.017000 2.400000
v -1.199200 0.040750 2.400000
v -1.199200 0.098500 2.400000
v -1.199200 0.156250 2.400000
v -1.394800 0.209762 2.400000
v -1.394800 0.214000 2.400000
v -1.394800 -0.248000 2.400000
v -1.394800 -0.228881 2.400000
v -1.394800 -0.209762 2.400000
v -1.396236 -0.202330 2.400000
v -1.400321 -0.195957 2.400000
v -1.406493 -0.191573 2.400000
v -1.413848 -0.189784 2.400000
v -1.427295 -0.188663 2.400000
v -1.449474 -0.184674 2.400000
v -1.489289 -0.170182 2.400000
v -1.524902 -0.147227 2.400000
v -1.555278 -0.116003 2.400000
v -1.577744 -0.078680 2.400000
v -1.590487 -0.040254 2.400000
v -1.594801 0.000000 2.400000
v -1.590487 0.040254 2.400000
v -1.577744 0.078680 2.400000
v -1.555278 0.116003 2.400000
v -1.524902 0.147227 2.400000
v -1.489289 0.170182 2.400000
v -1.449474 0.184674 2.400000
v -1.427295 0.188663 2.400000
v -1.413848 0.189784 2.400000
v -1.400321 0.195957 2.400000
v -1.396236 0.202330 2.400000
v 1.430000 0.214000 2.400000
v 1.430000 0.209762 2.400000
v 1.430000 -0.209762 2.400000
v 1.430000 -0.228881 2.400000
v 1.430000 -0.248000 2.400000
v 1.449048 -0.189784 2.400000
v 1.441693 -0.191573 2.400000
v 1.435521 -0.195957 2.400000
v 1.431436 -0.202330 2.400000
v 1.449048 0.189784 2.400000
v 1.462495 0.188663 2.400000
v 1.484674 0.184674 2.400000
v 1.524489 0.170182 2.400000
v 1.560102 0.147227 2.400000
v 1.590478 0.116003 2.400000
v 1.612944 0.078680 2.400000
v 1.625687 0.040254 2.400000
v 1.630001 0.000000 2.400000
v 1.625687 -0.040254 2.400000
v 1.612944 -0.078680 2.400000
v 1.590478 -0.116003 2.400000
v 1.560102 -0.147227 2.400000
v 1.524489 -0.170182 2.400000
v 1.484674 -0.184674 2.400000
v 1.462495 -0.188663 2.400000
v 1.431436 0.202330 2.400000
v 1.435521 0.195957 2.400000
v 0.017600 0.214000 2.400000
v 1.147520 -0.248000 2.400000
v 0.865040 -0.248000 2.400000
v 0.582560 -0.248000 2.400000
v 0.300080 -0.248000 2.400000
v 0.017600 -0.248000 2.400000
v -0.264880 -0.248000 2.400000
v -0.547360 -0.248000 2.400000
v -0.829840 -0.248000 2.400000
v -1.112320 -0.248000 2.400000
v -1.199200 -0.190250 -2.410000
v -1.199200 -0.132500 -2.410000
v -1.199200 -0.074750 -2.410000
v -1.199200 -0.017000 -2.410000
v -1.199200 0.040750 -2.410000
v -1.199200 0.098500 -2.410000
v -1.199200 0.156250 -2.410000
v -0.793600 -0.190250 -2.410000
v -0.793600 -0.132500 -2.410000
v -0.793600 -0.074750 -2.410000
v -0.793600 -0.017000 -2.410000
v -0.793600 0.040750 -2.410000
v -0.793600 0.098500 -2.410000
v -0.793600 0.156250 -2.410000
v -0.388000 -0.190250 -2.410000
v -0.388000 -0.132500 -2.410000
v -0.388000 -0.074750 -2.410000
v -0.388000 -0.017000 -2.410000
v -0.388000 0.040750 -2.410000
v -0.388000 0.098500 -2.410000
v -0.388000 0.156250 -2.410000
v 0.017600 -0.190250 -2.410000
v 0.017600 -0.132500 -2.410000
v 0.017600 -0.074750 -2.410000
v 0.017600 -0.017000 -2.410000
v 0.017600 0.040750 -2.410000
v 0.017600 0.098500 -2.410000
v 0.017600 0.156250 -2.410000
v 0.423200 -0.190250 -2.410000
v 0.423200 -0.132500 -2.410000
v 0.423200 -0.074750 -2.410000
v 0.423200 -0.017000 -2.410000
v 0.423200 0.040750 -2.410000
v 0.423200 0.098500 -2.410000
v 0.423200 0.156250 -2.410000
v 0.828800 -0.190250 -2.410000
v 0.828800 -0.132500 -2.410000
v 0.828800 -0.074750 -2.410000
v 0.828800 -0.017000 -2.410000
v 0.828800 0.040750 -2.410000
v 0.828800 0.098500 -2.410000
v 0.828800 0.156250 -2.410000
v 1.234400 -0.190250 -2.410000
v 1.234400 -0.132500 -2.410000
v 1.234400 -0.074750 -2.410000
v 1.234400 -0.017000 -2.410000
v 1.234400 0.040750 -2.410000
v 1.234400 0.098500 -2.410000
v 1.234400 0.156250 -2.410000
v -1.394800 0.214000 -2.410000
v -1.394800 0.209762 -2.410000
v -1.394800 -0.209762 -2.410000
v -1.394800 -0.228881 -2.410000
v -1.394800 -0.248000 -2.410000
v -1.413848 -0.189784 -2.410000
v -1.406493 -0.191573 -2.410000
v -1.400321 -0.195957 -2.410000
v -1.396236 -0.202330 -2.410000
v -1.413848 0.189784 -2.410000
v -1.427295 0.188663 -2.410000
v -1.449474 0.184674 -2.410000
v -1.489289 0.170182 -2.410000
v -1.524902 0.147227 -2.410000
v -1.555278 0.116003 -2.410000
v -1.577744 0.078680 -2.410000
v -1.590487 0.040254 -2.410000
v -1.594801 0.000000 -2.410000
v -1.590487 -0.040254 -2.410000
v -1.577744 -0.078680 -2.410000
v -1.555278 -0.116003 -2.410000
v -1.524902 -0.147227 -2.410000
v -1.489289 -0.170182 -2.410000
v -1.449474 -0.184674 -2.410000
v -1.427295 -0.188663 -2.410000
v -1.396236 0.202330 -2.410000
v -1.400321 0.195957 -2.410000
v 0.017600 0.214000 -2.410000
v -0.264880 0.214000 -2.410000
v -0.547360 0.214000 -2.410000
v -0.829840 0.214000 -2.410000
v -1.112320 0.214000 -2.410000
v 1.430000 0.209762 -2.410000
v 1.430000 0.214000 -2.410000
v 1.430000 -0.248000 -2.410000
v 1.430000 -0.228881 -2.410000
v 1.430000 -0.209762 -2.410000
v 1.431436 -0.202330 -2.410000
v 1.435521 -0.195957 -2.410000
v 1.441693 -0.191573 -2.410000
v 1.449048 -0.189784 -2.410000
v 1.462495 -0.188663 -2.410000
v 1.484674 -0.184674 -2.410000
v 1.524489 -0.170182 -2.410000
v 1.560102 -0.147227 -2.410000
v 1.590478 -0.116003 -2.410000
v 1.612944 -0.078680 -2.410000
v 1.625687 -0.040254 -2.410000
v 1.630001 0.000000 -2.410000
v 1.625687 0.040254 -2.410000
v 1.612944 0.078680 -2.410000
v 1.590478 0.116003 -2.410000
v 1.560102 0.147227 -2.410000
v 1.524489 0.170182 -2.410000
v 1.484674 0.184674 -2.410000
v 1.462495 0.188663 -2.410000
v 1.449048 0.189784 -2.410000
v 1.435521 0.195957 -2.410000
v 1.431436 0.202330 -2.410000
v 1.147520 0.214000 -2.410000
v 0.865040 0.214000 -2.410000
v 0.582560 0.214000 -2.410000
v 0.300080 0.214000 -2.410000
v -1.112320 -0.248000 -2.410000
v -0.829840 -0.248000 -2.410000
v -0.547360 -0.248000 -2.410000
v -0.264880 -0.248000 -2.410000
v 0.017600 -0.248000 -2.410000
v 0.300080 -0.248000 -2.410000
v 0.582560 -0.248000 -2.410000
v 0.865040 -0.248000 -2.410000
v 1.147520 -0.248000 -2.410000
vn -1.0000 -0.0000 -0.0000
vn -0.9284 0.3716 -0.0000
vn -0.7238 0.6901 -0.0000
vn -0.9284 0.3717 -0.0000
vn -0.7237 0.6901 -0.0000
vn -0.4155 0.9096 -0.0000
vn -0.0477 0.9989 -0.0000
vn -0.4154 0.9096 -0.0000
vn -0.9336 0.3583 -0.0000
vn -0.7238 0.6900 -0.0000
vn -0.4024 0.9155 -0.0000
vn -0.0476 0.9989 -0.0000
vn -0.4023 0.9155 -0.0000
vn -0.3681 0.9298 -0.0000
vn -0.3685 0.9296 -0.0000
vn -0.7071 0.7071 -0.0000
vn -0.9296 0.3685 -0.0000
vn -0.9298 0.3681 -0.0000
vn -0.9298 0.3680 -0.0000
vn -0.9297 0.3684 -0.0000
vn -1.0000 0.0001 -0.0000
vn -0.0000 1.0000 -0.0000
vn -0.3684 0.9297 -0.0000
vn -0.3684 0.9296 -0.0000
vn -0.7070 0.7072 -0.0000
vn -0.3680 0.9298 -0.0000
vn -0.0001 1.0000 -0.0000
vn -0.7070 -0.0000 -0.7072
vn -0.3685 -0.0000 -0.9296
vn -0.7071 -0.0000 -0.7071
vn -0.9296 -0.0000 -0.3685
vn -0.9298 -0.0000 -0.3681
vn -0.9297 -0.0000 -0.3684
vn -0.3681 -0.0000 -0.9298
vn -0.3684 -0.0000 -0.9297
vn -0.0000 -0.0000 -1.0000
vn -0.7072 -0.0000 -0.7071
vn -0.7168 0.6973 -0.0000
vn -0.7920 0.6106 -0.0000
vn -0.6321 0.7749 -0.0000
vn -0.5418 0.8405 -0.0000
vn -0.8568 0.5157 -0.0000
vn -0.7920 0.6105 -0.0000
vn -0.9943 0.1066 -0.0000
vn -0.9773 0.2118 -0.0000
vn -0.9492 0.3148 -0.0000
vn -0.9102 0.4141 -0.0000
vn -0.9336 0.3584 -0.0000
vn -0.9773 0.2119 -0.0000
vn -0.1184 0.9930 -0.0000
vn -0.2351 0.9720 -0.0000
vn -0.3420 0.9397 -0.0000
vn -0.4447 0.8957 -0.0000
vn -0.9943 0.1065 -0.0000
vn -0.7237 -0.6901 -0.0000
vn -0.7168 -0.6973 -0.0000
vn -0.6321 -0.7749 -0.0000
vn -0.7920 -0.6105 -0.0000
vn -0.7238 -0.6900 -0.0000
vn -0.8568 -0.5157 -0.0000
vn -0.7920 -0.6106 -0.0000
vn -0.7238 -0.6901 -0.0000
vn -0.5418 -0.8405 -0.0000
vn -0.0476 -0.9989 -0.0000
vn -0.1184 -0.9930 -0.0000
vn -0.2352 -0.9720 -0.0000
vn -0.4023 -0.9155 -0.0000
vn -0.3420 -0.9397 -0.0000
vn -0.4024 -0.9155 -0.0000
vn -0.4446 -0.8957 -0.0000
vn -0.4447 -0.8957 -0.0000
vn -0.2351 -0.9720 -0.0000
vn -0.0477 -0.9989 -0.0000
vn -0.9336 -0.3583 -0.0000
vn -0.9773 -0.2119 -0.0000
vn -0.9492 -0.3148 -0.0000
vn -0.9943 -0.1066 -0.0000
vn -0.9773 -0.2118 -0.0000
vn -0.9943 -0.1065 -0.0000
vn -0.9102 -0.4141 -0.0000
vn -0.9336 -0.3584 -0.0000
vn -0.4154 -0.9096 -0.0000
vn -0.9284 -0.3717 -0.0000
vn -0.9284 -0.3716 -0.0000
vn -0.4155 -0.9096 -0.0000
vn -0.5117 -0.4879 -0.7072
vn -0.6729 -0.6416 -0.3682
vn -0.3873 -0.8453 -0.3681
vn -0.2946 -0.6429 -0.7070
vn -0.2664 -0.2540 -0.9298
vn -0.2945 -0.6429 -0.7071
vn -0.1534 -0.3347 -0.9297
vn -0.6562 -0.2636 -0.7070
vn -0.8628 -0.3466 -0.3681
vn -0.5118 -0.4879 -0.7072
vn -0.3417 -0.1372 -0.9298
vn -0.6562 -0.2636 -0.7071
vn -0.0385 -0.9290 -0.3680
vn -0.4165 -0.9092 -0.0000
vn -0.0414 -0.9991 -0.0000
vn -0.3873 -0.8453 -0.3680
vn -0.4165 -0.9091 -0.0000
vn -0.0385 -0.9290 -0.3681
vn -0.8628 -0.3466 -0.3680
vn -0.9279 -0.3728 -0.0000
vn -0.3872 -0.8453 -0.3681
vn -0.0385 -0.9290 -0.3682
vn -0.0293 -0.7065 -0.7071
vn -0.2945 -0.6430 -0.7070
vn -0.0153 -0.3678 -0.9298
vn -0.1533 -0.3348 -0.9297
vn -0.1533 -0.3347 -0.9298
vn -0.0153 -0.3677 -0.9298
vn -0.2663 -0.2539 -0.9298
vn -0.1533 -0.3346 -0.9298
vn -1.0000 0.0062 -0.0000
vn -0.9280 -0.3727 -0.0000
vn -0.8628 -0.3465 -0.3680
vn -0.6563 -0.2636 -0.7070
vn -0.7071 0.0044 -0.7071
vn -0.9298 0.0057 -0.3681
vn -0.9298 0.0058 -0.3681
vn -0.3417 -0.1372 -0.9297
vn -0.3681 0.0023 -0.9298
vn -0.3416 -0.1372 -0.9298
vn -0.3680 0.0023 -0.9298
vn -0.1663 0.6873 -0.7071
vn -0.0837 0.7021 -0.7071
vn -0.0436 0.3655 -0.9298
vn -0.0866 0.3578 -0.9298
vn -0.2186 0.9037 -0.3681
vn -0.1101 0.9232 -0.3681
vn -0.0837 0.7022 -0.7071
vn -0.3144 0.6333 -0.7071
vn -0.1637 0.3297 -0.9298
vn -0.4134 0.8328 -0.3681
vn -0.2187 0.9037 -0.3681
vn -0.3144 0.6334 -0.7071
vn -0.4469 0.5479 -0.7071
vn -0.2327 0.2853 -0.9298
vn -0.5877 0.7205 -0.3681
vn -0.4135 0.8328 -0.3681
vn -0.3145 0.6334 -0.7071
vn -0.4470 0.5480 -0.7071
vn -0.5600 0.4317 -0.7071
vn -0.4470 0.5479 -0.7071
vn -0.2327 0.2852 -0.9298
vn -0.2915 0.2248 -0.9298
vn -0.7364 0.5677 -0.3681
vn -0.5878 0.7204 -0.3681
vn -0.6436 0.2928 -0.7071
vn -0.2916 0.2247 -0.9298
vn -0.3351 0.1525 -0.9298
vn -0.8463 0.3850 -0.3681
vn -0.7364 0.5676 -0.3681
vn -0.6910 0.1498 -0.7071
vn -0.3351 0.1524 -0.9298
vn -0.3597 0.0780 -0.9298
vn -0.9087 0.1970 -0.3681
vn -0.6437 0.2928 -0.7071
vn -0.6911 0.1498 -0.7071
vn -0.3598 0.0780 -0.9298
vn -0.6910 -0.1498 -0.7071
vn -0.3598 -0.0780 -0.9298
vn -0.9087 -0.1970 -0.3681
vn -0.6911 -0.1498 -0.7071
vn -0.6436 -0.2928 -0.7071
vn -0.3351 -0.1524 -0.9298
vn -0.8463 -0.3850 -0.3681
vn -0.5600 -0.4317 -0.7071
vn -0.2916 -0.2247 -0.9298
vn -0.7364 -0.5676 -0.3682
vn -0.8463 -0.3851 -0.3681
vn -0.6436 -0.2929 -0.7071
vn -0.5601 -0.4317 -0.7071
vn -0.4469 -0.5479 -0.7071
vn -0.2915 -0.2248 -0.9298
vn -0.2327 -0.2852 -0.9298
vn -0.5877 -0.7204 -0.3682
vn -0.7364 -0.5677 -0.3681
vn -0.4470 -0.5479 -0.7071
vn -0.3144 -0.6333 -0.7071
vn -0.2327 -0.2853 -0.9298
vn -0.1637 -0.3297 -0.9298
vn -0.4134 -0.8328 -0.3681
vn -0.5877 -0.7205 -0.3681
vn -0.3145 -0.6334 -0.7071
vn -0.1663 -0.6873 -0.7071
vn -0.0866 -0.3578 -0.9298
vn -0.2186 -0.9037 -0.3681
vn -0.3144 -0.6334 -0.7071
vn -0.0837 -0.7021 -0.7071
vn -0.0436 -0.3655 -0.9298
vn -0.1101 -0.9232 -0.3681
vn -0.0837 -0.7022 -0.7071
vn -0.0175 0.3676 -0.9298
vn -0.0865 0.3577 -0.9298
vn -0.0000 0.0001 -1.0000
vn -0.0337 0.7063 -0.7071
vn -0.0176 0.3677 -0.9298
vn -0.1173 0.9839 -0.1350
vn -0.1101 0.9233 -0.3681
vn -0.2186 0.9037 -0.3680
vn -0.1101 0.9232 -0.3682
vn -0.0443 0.9287 -0.3681
vn -0.3350 0.1524 -0.9298
vn -0.2915 0.2247 -0.9298
vn -0.1100 0.9233 -0.3681
vn -0.3420 0.9397 -0.0001
vn -0.2352 0.9720 -0.0001
vn -0.7920 0.6105 -0.0001
vn -0.7364 0.5677 -0.3680
vn -0.8463 0.3851 -0.3681
vn -0.7363 0.5677 -0.3681
vn -0.9492 0.3148 -0.0001
vn -0.9087 0.1970 -0.3680
vn -0.9943 0.1065 -0.0001
vn -0.9298 -0.0000 -0.3680
vn -0.9087 0.1969 -0.3681
vn -0.3597 -0.0780 -0.9298
vn -0.3350 -0.1524 -0.9298
vn -0.0001 -0.0000 -1.0000
vn -0.2915 -0.2247 -0.9298
vn -0.2326 -0.2852 -0.9298
vn -0.0000 -0.0001 -1.0000
vn -0.0866 -0.3577 -0.9298
vn -0.1636 -0.3297 -0.9298
vn -0.0176 -0.3676 -0.9298
vn -0.0865 -0.3577 -0.9298
vn -0.0337 -0.7063 -0.7071
vn -0.0443 -0.9287 -0.3681
vn -0.0436 -0.3656 -0.9298
vn -0.0175 -0.3677 -0.9298
vn -0.9087 -0.1970 -0.3680
vn -0.9943 -0.1065 -0.0001
vn -0.9492 -0.3148 -0.0001
vn -0.8463 -0.3851 -0.3680
vn -0.8568 -0.5157 -0.0001
vn -0.9102 -0.4141 -0.0001
vn -0.7168 -0.6973 -0.0001
vn -0.5878 -0.7205 -0.3681
vn -0.5878 -0.7204 -0.3681
vn -0.4135 -0.8328 -0.3681
vn -0.1173 -0.9839 -0.1350
vn -0.1101 -0.9233 -0.3681
vn -0.4447 -0.8957 -0.0001
vn -0.0443 -0.9288 -0.3680
vn -0.6321 -0.7749 -0.0001
vn -0.5117 0.4879 -0.7072
vn -0.6729 0.6416 -0.3682
vn -0.8628 0.3466 -0.3681
vn -0.6562 0.2636 -0.7070
vn -0.2664 0.2539 -0.9298
vn -0.6562 0.2636 -0.7071
vn -0.3417 0.1372 -0.9298
vn -0.2946 0.6429 -0.7070
vn -0.3873 0.8453 -0.3681
vn -0.1534 0.3347 -0.9297
vn -0.2945 0.6429 -0.7071
vn -0.2664 0.2540 -0.9298
vn -0.9280 0.3727 -0.0000
vn -1.0000 -0.0062 -0.0000
vn -0.9298 -0.0058 -0.3681
vn -0.9279 0.3728 -0.0000
vn -0.8628 0.3466 -0.3680
vn -0.6729 0.6416 -0.3681
vn -0.9298 -0.0057 -0.3681
vn -0.8628 0.3465 -0.3680
vn -0.7071 -0.0044 -0.7071
vn -0.6563 0.2636 -0.7070
vn -0.3681 -0.0023 -0.9298
vn -0.3416 0.1372 -0.9298
vn -0.2663 0.2539 -0.9298
vn -0.3873 0.8453 -0.3680
vn -0.4165 0.9091 -0.0000
vn -0.0414 0.9991 -0.0000
vn -0.4165 0.9091 -0.0001
vn -0.3873 0.8454 -0.3680
vn -0.3872 0.8453 -0.3680
vn -0.0386 0.9290 -0.3681
vn -0.0415 0.9991 -0.0000
vn -0.2945 0.6430 -0.7070
vn -0.0293 0.7065 -0.7071
vn -0.1533 0.3347 -0.9298
vn -0.0153 0.3677 -0.9298
vn -0.1534 0.3347 -0.9298
vn -0.0153 0.3678 -0.9298
vn -0.9298 -0.0001 -0.3681
vn -1.0000 -0.0000 -0.0001
vn -0.3680 -0.0000 -0.9298
vn -0.3681 0.9298 0.0001
vn -0.7070 -0.0000 0.7072
vn -0.7071 -0.0000 0.7071
vn -0.3685 -0.0000 0.9296
vn -0.9296 -0.0000 0.3685
vn -0.9298 -0.0000 0.3681
vn -0.9297 -0.0000 0.3684
vn -0.3681 -0.0000 0.9298
vn -0.0000 -0.0000 1.0000
vn -0.3684 -0.0000 0.9297
vn -0.7072 -0.0000 0.7071
vn -0.0476 0.9989 -0.0001
vn -0.5117 -0.4879 0.7072
vn -0.2946 -0.6429 0.7070
vn -0.3873 -0.8453 0.3681
vn -0.6729 -0.6416 0.3682
vn -0.2664 -0.2540 0.9298
vn -0.1534 -0.3347 0.9297
vn -0.6562 -0.2636 0.7070
vn -0.5118 -0.4879 0.7072
vn -0.8628 -0.3466 0.3681
vn -0.3417 -0.1373 0.9297
vn -0.2664 -0.2539 0.9298
vn -0.6562 -0.2636 0.7071
vn -0.0385 -0.9290 0.3681
vn -0.3872 -0.8453 0.3680
vn -0.6729 -0.6416 0.3681
vn -0.3873 -0.8453 0.3680
vn -0.8628 -0.3466 0.3680
vn -0.2945 -0.6430 0.7070
vn -0.0293 -0.7065 0.7071
vn -0.0153 -0.3678 0.9298
vn -0.2945 -0.6429 0.7071
vn -0.1533 -0.3348 0.9297
vn -0.0000 -0.0001 1.0000
vn -0.0152 -0.3678 0.9298
vn -0.1533 -0.3347 0.9298
vn -0.2663 -0.2539 0.9298
vn -0.8628 -0.3465 0.3680
vn -0.6563 -0.2636 0.7070
vn -0.9298 0.0058 0.3681
vn -0.7071 0.0044 0.7071
vn -1.0000 0.0062 0.0001
vn -0.9298 0.0057 0.3681
vn -0.3681 0.0023 0.9298
vn -0.3417 -0.1372 0.9297
vn -0.3416 -0.1372 0.9298
vn -0.0001 -0.0000 1.0000
vn -0.3680 0.0023 0.9298
vn -0.1662 0.6872 0.7071
vn -0.0866 0.3578 0.9298
vn -0.0436 0.3655 0.9298
vn -0.0837 0.7021 0.7071
vn -0.2186 0.9037 0.3681
vn -0.1663 0.6873 0.7071
vn -0.0837 0.7022 0.7071
vn -0.1101 0.9232 0.3681
vn -0.3144 0.6333 0.7071
vn -0.1637 0.3297 0.9298
vn -0.1663 0.6872 0.7071
vn -0.4134 0.8328 0.3681
vn -0.3144 0.6334 0.7071
vn -0.4469 0.5479 0.7071
vn -0.2327 0.2853 0.9298
vn -0.5877 0.7205 0.3681
vn -0.4470 0.5480 0.7071
vn -0.4135 0.8328 0.3681
vn -0.5600 0.4317 0.7071
vn -0.2915 0.2248 0.9298
vn -0.2327 0.2852 0.9298
vn -0.7363 0.5677 0.3681
vn -0.5600 0.4318 0.7071
vn -0.4470 0.5479 0.7071
vn -0.5877 0.7204 0.3681
vn -0.6436 0.2928 0.7071
vn -0.3351 0.1525 0.9298
vn -0.2916 0.2247 0.9298
vn -0.8463 0.3851 0.3681
vn -0.5601 0.4317 0.7071
vn -0.7364 0.5676 0.3681
vn -0.6910 0.1498 0.7071
vn -0.3598 0.0780 0.9298
vn -0.3351 0.1524 0.9298
vn -0.9087 0.1970 0.3681
vn -0.6911 0.1498 0.7071
vn -0.8463 0.3850 0.3681
vn -0.6910 -0.1498 0.7071
vn -0.3598 -0.0780 0.9298
vn -0.9087 -0.1970 0.3681
vn -0.6911 -0.1498 0.7071
vn -0.6436 -0.2928 0.7071
vn -0.3351 -0.1524 0.9298
vn -0.6910 -0.1498 0.7072
vn -0.8463 -0.3850 0.3681
vn -0.6437 -0.2928 0.7071
vn -0.5600 -0.4317 0.7071
vn -0.2916 -0.2248 0.9298
vn -0.3351 -0.1525 0.9298
vn -0.6436 -0.2928 0.7072
vn -0.7364 -0.5676 0.3681
vn -0.8463 -0.3851 0.3681
vn -0.4470 -0.5479 0.7071
vn -0.2327 -0.2852 0.9298
vn -0.2915 -0.2248 0.9298
vn -0.5877 -0.7205 0.3681
vn -0.7364 -0.5677 0.3681
vn -0.3144 -0.6333 0.7071
vn -0.1637 -0.3297 0.9298
vn -0.2327 -0.2853 0.9298
vn -0.4135 -0.8328 0.3681
vn -0.3145 -0.6334 0.7071
vn -0.4470 -0.5480 0.7071
vn -0.1663 -0.6873 0.7071
vn -0.0866 -0.3578 0.9298
vn -0.2187 -0.9037 0.3681
vn -0.3144 -0.6334 0.7071
vn -0.4134 -0.8328 0.3682
vn -0.0837 -0.7021 0.7071
vn -0.0436 -0.3655 0.9298
vn -0.0865 -0.3578 0.9298
vn -0.1663 -0.6872 0.7071
vn -0.1101 -0.9232 0.3681
vn -0.0837 -0.7022 0.7071
vn -0.1662 -0.6873 0.7071
vn -0.2186 -0.9037 0.3681
vn -0.0000 0.0001 1.0000
vn -0.0176 0.3676 0.9298
vn -0.0865 0.3578 0.9298
vn -0.0866 0.3577 0.9298
vn -0.0337 0.7063 0.7071
vn -0.0436 0.3656 0.9298
vn -0.0176 0.3677 0.9298
vn -0.1173 0.9839 0.1350
vn -0.2186 0.9037 0.3680
vn -0.1101 0.9233 0.3681
vn -0.0443 0.9287 0.3681
vn -0.1637 0.3296 0.9298
vn -0.2326 0.2852 0.9298
vn -0.2915 0.2247 0.9298
vn -0.3350 0.1524 0.9298
vn -0.3597 0.0780 0.9298
vn -0.2187 0.9037 0.3681
vn -0.3420 0.9397 0.0001
vn -0.2351 0.9720 0.0001
vn -0.5878 0.7205 0.3681
vn -0.7364 0.5677 0.3680
vn -0.7920 0.6106 0.0001
vn -0.7920 0.6105 0.0001
vn -0.9492 0.3148 0.0001
vn -0.9102 0.4141 0.0001
vn -0.9087 0.1970 0.3680
vn -0.9298 -0.0000 0.3680
vn -0.3597 -0.0780 0.9298
vn -0.3350 -0.1524 0.9298
vn -0.2915 -0.2247 0.9298
vn -0.0865 -0.3577 0.9298
vn -0.0176 -0.3676 0.9298
vn -0.0337 -0.7063 0.7071
vn -0.1101 -0.9232 0.3682
vn -0.0443 -0.9287 0.3681
vn -0.0176 -0.3677 0.9298
vn -0.0436 -0.3656 0.9298
vn -0.9087 -0.1970 0.3680
vn -0.9102 -0.4141 0.0001
vn -0.8568 -0.5157 0.0001
vn -0.7168 -0.6973 0.0001
vn -0.5878 -0.7204 0.3681
vn -0.1173 -0.9839 0.1350
vn -0.1101 -0.9233 0.3681
vn -0.4134 -0.8328 0.3681
vn -0.4447 -0.8957 0.0001
vn -0.0477 -0.9989 0.0001
vn -0.6321 -0.7749 0.0001
vn -0.9943 -0.1065 0.0001
vn -0.5118 0.4879 0.7072
vn -0.6562 0.2636 0.7070
vn -0.8628 0.3466 0.3681
vn -0.6729 0.6416 0.3682
vn -0.2664 0.2540 0.9298
vn -0.3417 0.1373 0.9297
vn -0.6562 0.2636 0.7071
vn -0.5117 0.4879 0.7072
vn -0.2946 0.6429 0.7070
vn -0.3873 0.8453 0.3681
vn -0.1534 0.3347 0.9298
vn -0.2663 0.2540 0.9298
vn -0.2945 0.6429 0.7071
vn -0.9298 -0.0058 0.3681
vn -0.6729 0.6416 0.3681
vn -0.8628 0.3466 0.3680
vn -0.9298 -0.0058 0.3680
vn -0.9279 0.3727 -0.0000
vn -0.8628 0.3465 0.3680
vn -0.7071 -0.0044 0.7071
vn -0.3681 -0.0023 0.9298
vn -0.3417 0.1372 0.9297
vn -0.3680 -0.0023 0.9298
vn -0.3416 0.1372 0.9298
vn -0.2663 0.2539 0.9298
vn -0.3873 0.8453 0.3680
vn -0.4165 0.9092 -0.0000
vn -0.3872 0.8454 0.3680
vn -0.0415 0.9991 0.0001
vn -0.0386 0.9290 0.3681
vn -0.0385 0.9290 0.3681
vn -0.0293 0.7065 0.7071
vn -0.2945 0.6430 0.7070
vn -0.3872 0.8453 0.3680
vn -0.1533 0.3347 0.9298
vn -0.0153 0.3677 0.9298
vn -0.1533 0.3348 0.9297
vn -0.2945 0.6429 0.7070
vn -0.0153 0.3678 0.9298
vn -0.9298 0.0001 0.3681
vn -1.0000 -0.0000 0.0001
vn -0.3680 -0.0000 0.9298
vn -0.0000 0.3681 -0.9298
vn -0.0000 0.3685 -0.9296
vn -0.0000 0.7071 -0.7071
vn -0.0000 0.9298 -0.3681
vn -0.0000 0.9296 -0.3685
vn -0.0000 0.9298 -0.3682
vn -0.0000 0.3684 -0.9297
vn -0.0000 0.9297 -0.3684
vn -0.0000 0.7072 -0.7071
vn -0.0000 0.3681 0.9298
vn -0.0000 0.9296 0.3685
vn -0.0000 0.7071 0.7071
vn -0.0000 0.9298 0.3682
vn -0.0000 0.9298 0.3681
vn -0.0000 0.3685 0.9296
vn -0.0000 0.9297 0.3684
vn -0.0000 0.9298 0.3680
vn -0.0000 1.0000 0.0001
vn -0.0000 0.3684 0.9297
vn 1.0000 -0.0000 -0.0000
vn 0.9284 0.3716 -0.0000
vn 1.0000 0.0001 -0.0000
vn 0.7238 0.6900 -0.0000
vn 0.9284 0.3717 -0.0000
vn 0.7237 0.6901 -0.0000
vn 0.4155 0.9096 -0.0000
vn 0.0476 0.9989 -0.0000
vn 0.4154 0.9096 -0.0000
vn 0.9336 0.3583 -0.0000
vn 0.9336 0.3584 -0.0000
vn 0.4024 0.9155 -0.0000
vn 0.0477 0.9989 -0.0000
vn 0.4023 0.9155 -0.0000
vn 0.3681 0.9298 -0.0001
vn 0.7071 0.7071 -0.0000
vn 0.3685 0.9296 -0.0000
vn 0.9298 0.3681 -0.0000
vn 0.9296 0.3685 -0.0000
vn 0.9298 0.3680 -0.0000
vn 0.9297 0.3684 -0.0000
vn 0.3681 0.9298 -0.0000
vn 0.3684 0.9297 -0.0000
vn 0.7070 0.7072 -0.0000
vn 0.3684 0.9296 -0.0000
vn 0.3680 0.9298 -0.0000
vn 0.0001 1.0000 -0.0000
vn 0.7070 -0.0000 -0.7072
vn 0.7071 -0.0000 -0.7072
vn 0.3684 -0.0000 -0.9297
vn 0.9296 -0.0000 -0.3685
vn 0.7071 -0.0000 -0.7071
vn 0.9298 -0.0000 -0.3680
vn 0.9297 -0.0000 -0.3684
vn 1.0000 -0.0000 -0.0001
vn 0.3680 -0.0000 -0.9298
vn 0.3681 -0.0000 -0.9298
vn 0.9298 -0.0000 -0.3681
vn 0.3684 -0.0000 -0.9296
vn 0.7920 0.6106 -0.0000
vn 0.7168 0.6973 -0.0000
vn 0.7238 0.6901 -0.0000
vn 0.6321 0.7749 -0.0000
vn 0.5418 0.8405 -0.0000
vn 0.8568 0.5157 -0.0000
vn 0.7920 0.6105 -0.0000
vn 0.9773 0.2118 -0.0000
vn 0.9492 0.3148 -0.0000
vn 0.9102 0.4141 -0.0000
vn 0.9943 0.1066 -0.0000
vn 0.9773 0.2119 -0.0000
vn 0.2351 0.9720 -0.0000
vn 0.1184 0.9930 -0.0000
vn 0.0476 0.9989 0.0001
vn 0.4447 0.8957 -0.0000
vn 0.3420 0.9397 -0.0000
vn 0.2352 0.9720 -0.0000
vn 0.9943 0.1065 -0.0000
vn 0.7237 -0.6901 -0.0000
vn 0.6321 -0.7749 -0.0000
vn 0.7168 -0.6973 -0.0000
vn 0.7920 -0.6105 -0.0000
vn 0.8568 -0.5157 -0.0000
vn 0.7238 -0.6900 -0.0000
vn 0.7920 -0.6106 -0.0000
vn 0.7238 -0.6901 -0.0000
vn 0.5418 -0.8405 -0.0000
vn 0.0477 -0.9989 -0.0000
vn 0.1184 -0.9930 -0.0000
vn 0.2351 -0.9720 -0.0000
vn 0.3420 -0.9397 -0.0000
vn 0.4446 -0.8957 -0.0000
vn 0.4024 -0.9155 -0.0000
vn 0.4447 -0.8957 -0.0000
vn 0.0476 -0.9989 -0.0000
vn 0.4023 -0.9155 -0.0000
vn 0.2352 -0.9720 -0.0000
vn 0.9336 -0.3583 -0.0000
vn 0.9492 -0.3148 -0.0000
vn 0.9773 -0.2119 -0.0000
vn 0.9773 -0.2118 -0.0000
vn 0.9943 -0.1066 -0.0000
vn 0.9943 -0.1065 -0.0000
vn 0.9102 -0.4141 -0.0000
vn 0.9336 -0.3584 -0.0000
vn 0.4154 -0.9096 -0.0000
vn 0.9284 -0.3717 -0.0000
vn 0.9284 -0.3716 -0.0000
vn 0.4155 -0.9096 -0.0000
vn 0.4024 -0.9154 -0.0000
vn 0.5117 -0.4879 -0.7072
vn 0.2946 -0.6429 -0.7070
vn 0.3873 -0.8453 -0.3681
vn 0.6729 -0.6416 -0.3682
vn 0.2664 -0.2540 -0.9298
vn 0.1534 -0.3347 -0.9297
vn 0.2945 -0.6429 -0.7071
vn 0.6562 -0.2636 -0.7070
vn 0.8628 -0.3466 -0.3681
vn 0.3416 -0.1372 -0.9298
vn 0.6562 -0.2636 -0.7071
vn 0.0385 -0.9290 -0.3681
vn 0.0414 -0.9991 -0.0000
vn 0.4165 -0.9092 -0.0000
vn 0.3872 -0.8453 -0.3680
vn 0.6729 -0.6416 -0.3681
vn 0.3873 -0.8453 -0.3680
vn 0.4165 -0.9091 -0.0000
vn 0.9279 -0.3727 -0.0001
vn 0.8628 -0.3466 -0.3680
vn 0.3872 -0.8453 -0.3681
vn 0.2945 -0.6430 -0.7070
vn 0.0293 -0.7065 -0.7071
vn 0.0153 -0.3678 -0.9298
vn 0.2945 -0.6429 -0.7070
vn 0.1534 -0.3348 -0.9297
vn 0.0152 -0.3677 -0.9298
vn 0.1533 -0.3347 -0.9298
vn 0.2663 -0.2539 -0.9298
vn 1.0000 0.0062 -0.0000
vn 0.8628 -0.3465 -0.3680
vn 0.9280 -0.3727 -0.0000
vn 0.8628 -0.3465 -0.3681
vn 0.9298 0.0058 -0.3681
vn 0.7071 0.0044 -0.7071
vn 0.3681 0.0023 -0.9298
vn 0.3417 -0.1372 -0.9297
vn 0.1663 0.6873 -0.7071
vn 0.0866 0.3578 -0.9298
vn 0.0436 0.3656 -0.9298
vn 0.0837 0.7021 -0.7071
vn 0.2186 0.9037 -0.3682
vn 0.0837 0.7022 -0.7071
vn 0.1101 0.9232 -0.3681
vn 0.3144 0.6333 -0.7071
vn 0.1637 0.3297 -0.9298
vn 0.1663 0.6872 -0.7072
vn 0.4134 0.8328 -0.3681
vn 0.3144 0.6334 -0.7071
vn 0.2187 0.9037 -0.3681
vn 0.4470 0.5479 -0.7071
vn 0.2327 0.2853 -0.9298
vn 0.3144 0.6333 -0.7072
vn 0.5877 0.7205 -0.3681
vn 0.4135 0.8328 -0.3681
vn 0.5600 0.4317 -0.7071
vn 0.2915 0.2248 -0.9298
vn 0.2327 0.2852 -0.9298
vn 0.4469 0.5479 -0.7071
vn 0.7364 0.5677 -0.3681
vn 0.5877 0.7204 -0.3682
vn 0.6436 0.2928 -0.7071
vn 0.3351 0.1524 -0.9298
vn 0.2916 0.2247 -0.9298
vn 0.8463 0.3851 -0.3681
vn 0.6437 0.2928 -0.7071
vn 0.5601 0.4317 -0.7071
vn 0.6910 0.1498 -0.7071
vn 0.3598 0.0780 -0.9298
vn 0.9087 0.1970 -0.3681
vn 0.6911 0.1498 -0.7071
vn 0.8463 0.3850 -0.3681
vn 0.9087 0.1970 -0.3682
vn 0.6910 -0.1498 -0.7071
vn 0.3598 -0.0780 -0.9298
vn 0.9087 -0.1970 -0.3681
vn 0.6911 -0.1498 -0.7071
vn 0.6436 -0.2928 -0.7071
vn 0.3351 -0.1524 -0.9298
vn 0.8463 -0.3850 -0.3681
vn 0.5600 -0.4317 -0.7071
vn 0.2916 -0.2247 -0.9298
vn 0.3351 -0.1525 -0.9298
vn 0.7364 -0.5676 -0.3681
vn 0.8463 -0.3850 -0.3682
vn 0.4470 -0.5479 -0.7071
vn 0.2327 -0.2853 -0.9298
vn 0.2915 -0.2248 -0.9298
vn 0.5877 -0.7204 -0.3681
vn 0.7364 -0.5677 -0.3681
vn 0.3144 -0.6333 -0.7071
vn 0.1637 -0.3297 -0.9298
vn 0.4469 -0.5479 -0.7071
vn 0.4134 -0.8328 -0.3681
vn 0.3144 -0.6334 -0.7071
vn 0.5877 -0.7205 -0.3681
vn 0.1663 -0.6873 -0.7071
vn 0.0866 -0.3578 -0.9298
vn 0.2187 -0.9037 -0.3681
vn 0.0837 -0.7021 -0.7071
vn 0.0436 -0.3655 -0.9298
vn 0.1663 -0.6872 -0.7071
vn 0.1101 -0.9232 -0.3681
vn 0.0837 -0.7022 -0.7071
vn 0.2186 -0.9037 -0.3681
vn 0.0176 0.3676 -0.9298
vn 0.0436 0.3655 -0.9298
vn 0.0865 0.3578 -0.9298
vn 0.0865 0.3577 -0.9298
vn 0.0337 0.7063 -0.7071
vn 0.0176 0.3677 -0.9298
vn 0.1173 0.9839 -0.1350
vn 0.2186 0.9037 -0.3681
vn 0.1101 0.9233 -0.3681
vn 0.0443 0.9287 -0.3682
vn 0.1101 0.9232 -0.3682
vn 0.2326 0.2852 -0.9298
vn 0.0001 -0.0000 -1.0000
vn 0.2915 0.2247 -0.9298
vn 0.3350 0.1524 -0.9298
vn 0.3597 0.0780 -0.9298
vn 0.0443 0.9287 -0.3681
vn 0.2186 0.9037 -0.3680
vn 0.6321 0.7749 -0.0001
vn 0.7168 0.6973 -0.0001
vn 0.5878 0.7205 -0.3680
vn 0.7364 0.5676 -0.3681
vn 0.9102 0.4142 -0.0000
vn 0.5877 0.7204 -0.3681
vn 0.9492 0.3147 -0.0000
vn 0.9087 0.1970 -0.3680
vn 0.9943 0.1065 -0.0001
vn 0.3597 -0.0780 -0.9298
vn 0.3350 -0.1524 -0.9298
vn 0.2915 -0.2247 -0.9298
vn 0.2327 -0.2852 -0.9298
vn 0.0865 -0.3577 -0.9298
vn 0.0176 -0.3676 -0.9298
vn 0.0865 -0.3578 -0.9298
vn 0.0337 -0.7063 -0.7071
vn 0.0443 -0.9287 -0.3682
vn 0.0176 -0.3677 -0.9298
vn 0.9492 -0.3148 -0.0001
vn 0.8463 -0.3851 -0.3681
vn 0.9102 -0.4141 -0.0001
vn 0.7364 -0.5677 -0.3680
vn 0.7920 -0.6105 -0.0001
vn 0.7168 -0.6973 -0.0001
vn 0.5417 -0.8405 -0.0000
vn 0.4135 -0.8328 -0.3681
vn 0.1173 -0.9839 -0.1350
vn 0.1101 -0.9233 -0.3681
vn 0.0443 -0.9287 -0.3681
vn 0.2186 -0.9037 -0.3680
vn 0.4134 -0.8328 -0.3680
vn 0.0477 -0.9989 -0.0001
vn 0.6321 -0.7749 -0.0001
vn 0.9943 -0.1065 -0.0001
vn 0.5117 0.4879 -0.7072
vn 0.6562 0.2636 -0.7070
vn 0.8628 0.3466 -0.3680
vn 0.6729 0.6416 -0.3682
vn 0.2664 0.2540 -0.9298
vn 0.3416 0.1372 -0.9298
vn 0.6562 0.2636 -0.7071
vn 0.2946 0.6429 -0.7070
vn 0.3873 0.8453 -0.3681
vn 0.1534 0.3347 -0.9297
vn 0.2663 0.2540 -0.9298
vn 0.2946 0.6429 -0.7071
vn 0.9280 0.3727 -0.0000
vn 0.9298 -0.0057 -0.3680
vn 1.0000 -0.0062 -0.0000
vn 0.9279 0.3728 -0.0000
vn 0.6729 0.6416 -0.3681
vn 0.9298 -0.0058 -0.3681
vn 0.9279 0.3727 -0.0000
vn 0.8628 0.3466 -0.3681
vn 0.6563 0.2636 -0.7070
vn 0.7071 -0.0044 -0.7071
vn 0.9298 -0.0057 -0.3681
vn 0.3681 -0.0023 -0.9298
vn 0.3417 0.1372 -0.9297
vn 0.2663 0.2539 -0.9298
vn 0.3873 0.8453 -0.3680
vn 0.4165 0.9091 -0.0000
vn 0.0414 0.9991 -0.0000
vn 0.4165 0.9092 -0.0000
vn 0.0386 0.9290 -0.3680
vn 0.0385 0.9290 -0.3681
vn 0.0293 0.7065 -0.7071
vn 0.2945 0.6429 -0.7070
vn 0.3872 0.8453 -0.3681
vn 0.1533 0.3347 -0.9298
vn 0.0153 0.3678 -0.9298
vn 0.1533 0.3348 -0.9298
vn 0.2945 0.6429 -0.7071
vn 0.7070 -0.0000 0.7072
vn 0.3684 -0.0000 0.9297
vn 0.7071 -0.0000 0.7072
vn 0.9296 -0.0000 0.3685
vn 0.7071 -0.0000 0.7071
vn 0.9298 -0.0000 0.3680
vn 1.0000 -0.0000 0.0001
vn 0.9297 -0.0000 0.3684
vn 0.3680 -0.0000 0.9298
vn 0.3681 -0.0000 0.9298
vn 0.9298 -0.0000 0.3681
vn 0.3685 -0.0000 0.9296
vn 0.0476 -0.9989 0.0001
vn 0.5117 -0.4879 0.7072
vn 0.6729 -0.6416 0.3682
vn 0.3873 -0.8453 0.3681
vn 0.2946 -0.6429 0.7070
vn 0.2663 -0.2540 0.9298
vn 0.2946 -0.6429 0.7071
vn 0.1534 -0.3347 0.9297
vn 0.6562 -0.2636 0.7070
vn 0.8628 -0.3466 0.3681
vn 0.5118 -0.4879 0.7072
vn 0.3416 -0.1372 0.9298
vn 0.6562 -0.2636 0.7071
vn 0.2664 -0.2540 0.9298
vn 0.0385 -0.9290 0.3681
vn 0.3873 -0.8453 0.3680
vn 0.6729 -0.6416 0.3681
vn 0.4165 -0.9091 0.0001
vn 0.7238 -0.6901 0.0001
vn 0.8628 -0.3466 0.3680
vn 0.9279 -0.3728 -0.0000
vn 0.3872 -0.8453 0.3681
vn 0.0293 -0.7065 0.7071
vn 0.2945 -0.6429 0.7070
vn 0.0153 -0.3678 0.9298
vn 0.1533 -0.3348 0.9297
vn 0.1533 -0.3347 0.9298
vn 0.2663 -0.2539 0.9298
vn 0.9280 -0.3727 0.0001
vn 0.6563 -0.2636 0.7070
vn 0.7071 0.0044 0.7071
vn 0.9298 0.0058 0.3681
vn 0.8628 -0.3465 0.3681
vn 0.8628 -0.3465 0.3680
vn 0.6562 -0.2635 0.7071
vn 0.3417 -0.1372 0.9297
vn 0.3681 0.0023 0.9298
vn 0.1663 0.6873 0.7071
vn 0.0837 0.7021 0.7071
vn 0.0436 0.3655 0.9298
vn 0.0866 0.3578 0.9298
vn 0.2186 0.9037 0.3682
vn 0.1101 0.9232 0.3681
vn 0.0837 0.7022 0.7071
vn 0.3144 0.6333 0.7072
vn 0.1663 0.6872 0.7071
vn 0.1637 0.3297 0.9298
vn 0.4135 0.8328 0.3681
vn 0.2187 0.9037 0.3681
vn 0.3144 0.6334 0.7071
vn 0.4470 0.5479 0.7071
vn 0.3144 0.6333 0.7071
vn 0.2327 0.2852 0.9298
vn 0.5877 0.7205 0.3681
vn 0.4134 0.8328 0.3681
vn 0.4470 0.5480 0.7071
vn 0.5600 0.4317 0.7071
vn 0.2327 0.2853 0.9298
vn 0.2915 0.2248 0.9298
vn 0.7364 0.5677 0.3681
vn 0.5877 0.7204 0.3681
vn 0.6436 0.2928 0.7071
vn 0.2916 0.2248 0.9298
vn 0.3351 0.1525 0.9298
vn 0.8463 0.3851 0.3681
vn 0.7364 0.5676 0.3681
vn 0.6910 0.1498 0.7071
vn 0.3351 0.1524 0.9298
vn 0.3597 0.0780 0.9298
vn 0.9087 0.1970 0.3681
vn 0.8463 0.3850 0.3681
vn 0.6911 0.1498 0.7071
vn 0.3598 0.0780 0.9298
vn 0.9298 -0.0000 0.3682
vn 0.9087 0.1969 0.3681
vn 0.6910 -0.1498 0.7071
vn 0.3598 -0.0780 0.9298
vn 0.9087 -0.1969 0.3682
vn 0.6911 -0.1498 0.7071
vn 0.6436 -0.2928 0.7071
vn 0.3351 -0.1524 0.9298
vn 0.8463 -0.3850 0.3681
vn 0.9087 -0.1970 0.3681
vn 0.5600 -0.4317 0.7071
vn 0.3351 -0.1525 0.9298
vn 0.2916 -0.2247 0.9298
vn 0.7364 -0.5676 0.3681
vn 0.8463 -0.3851 0.3682
vn 0.4469 -0.5479 0.7072
vn 0.2915 -0.2248 0.9298
vn 0.2327 -0.2852 0.9298
vn 0.5877 -0.7204 0.3681
vn 0.7364 -0.5677 0.3681
vn 0.4470 -0.5479 0.7071
vn 0.3144 -0.6333 0.7071
vn 0.1637 -0.3297 0.9298
vn 0.4135 -0.8328 0.3681
vn 0.5877 -0.7205 0.3681
vn 0.3145 -0.6334 0.7071
vn 0.1663 -0.6872 0.7071
vn 0.0866 -0.3578 0.9298
vn 0.2186 -0.9037 0.3681
vn 0.4134 -0.8328 0.3681
vn 0.3144 -0.6334 0.7071
vn 0.1663 -0.6873 0.7071
vn 0.0837 -0.7021 0.7071
vn 0.0436 -0.3655 0.9298
vn 0.1101 -0.9232 0.3681
vn 0.2186 -0.9037 0.3682
vn 0.0837 -0.7022 0.7071
vn 0.0175 0.3676 0.9298
vn 0.0865 0.3578 0.9298
vn 0.0866 0.3577 0.9298
vn 0.0337 0.7063 0.7071
vn 0.0176 0.3677 0.9298
vn 0.0436 0.3656 0.9298
vn 0.1173 0.9839 0.1350
vn 0.1101 0.9233 0.3680
vn 0.2186 0.9037 0.3681
vn 0.0443 0.9287 0.3681
vn 0.2326 0.2852 0.9298
vn 0.3350 0.1524 0.9298
vn 0.2915 0.2247 0.9298
vn 0.0001 -0.0000 1.0000
vn 0.1100 0.9233 0.3681
vn 0.2351 0.9720 0.0001
vn 0.2186 0.9037 0.3680
vn 0.4135 0.8328 0.3680
vn 0.9102 0.4141 0.0001
vn 0.5878 0.7204 0.3681
vn 0.9492 0.3148 0.0001
vn 0.9087 0.1970 0.3680
vn 0.9943 0.1065 0.0001
vn 0.3597 -0.0780 0.9298
vn 0.3350 -0.1524 0.9298
vn 0.2915 -0.2247 0.9298
vn 0.2326 -0.2852 0.9298
vn 0.0865 -0.3577 0.9298
vn 0.0176 -0.3676 0.9298
vn 0.0337 -0.7063 0.7071
vn 0.0443 -0.9287 0.3681
vn 0.0436 -0.3656 0.9298
vn 0.0175 -0.3677 0.9298
vn 0.9773 -0.2118 0.0001
vn 0.9492 -0.3148 0.0001
vn 0.9087 -0.1970 0.3680
vn 0.8463 -0.3851 0.3681
vn 0.8568 -0.5157 0.0001
vn 0.5878 -0.7205 0.3681
vn 0.7363 -0.5677 0.3681
vn 0.1173 -0.9839 0.1350
vn 0.1101 -0.9233 0.3681
vn 0.3421 -0.9397 -0.0000
vn 0.2186 -0.9037 0.3680
vn 0.4135 -0.8328 0.3680
vn 0.5877 -0.7205 0.3680
vn 0.9943 -0.1065 0.0001
vn 0.5118 0.4879 0.7071
vn 0.6729 0.6416 0.3682
vn 0.8628 0.3466 0.3681
vn 0.6562 0.2636 0.7070
vn 0.2664 0.2540 0.9298
vn 0.5117 0.4879 0.7072
vn 0.6562 0.2636 0.7071
vn 0.3417 0.1372 0.9297
vn 0.2946 0.6429 0.7070
vn 0.3873 0.8453 0.3681
vn 0.1534 0.3347 0.9297
vn 0.2945 0.6429 0.7071
vn 1.0000 -0.0062 0.0001
vn 0.9298 -0.0058 0.3680
vn 0.9279 0.3728 0.0001
vn 0.8628 0.3466 0.3680
vn 0.6729 0.6416 0.3681
vn 0.9298 -0.0058 0.3681
vn 0.8628 0.3465 0.3681
vn 0.7071 -0.0044 0.7071
vn 0.6563 0.2636 0.7070
vn 0.3681 -0.0023 0.9298
vn 0.3416 0.1372 0.9298
vn 0.2663 0.2539 0.9298
vn 0.3873 0.8453 0.3680
vn 0.4166 0.9091 -0.0000
vn 0.7237 0.6901 0.0001
vn 0.0415 0.9991 -0.0000
vn 0.4165 0.9091 0.0001
vn 0.3872 0.8454 0.3680
vn 0.0385 0.9290 0.3680
vn 0.0386 0.9290 0.3681
vn 0.3872 0.8453 0.3681
vn 0.2945 0.6429 0.7070
vn 0.0293 0.7065 0.7071
vn 0.1533 0.3347 0.9298
vn 0.0153 0.3678 0.9298
vn 0.1534 0.3348 0.9297
vn 0.0001 0.3681 -0.9298
vn -0.0000 0.9298 -0.3680
vn -0.0000 1.0000 -0.0001
vn 0.0001 0.7071 -0.7071
vn -0.0000 0.3680 -0.9298
vn -0.0000 0.3684 -0.9296
vn -0.0000 -1.0000 -0.0000
vn -0.0000 -0.0002 1.0000
vn -0.0000 -0.0002 -1.0000
vt 0.021356 0.451003
vt 0.021356 0.290064
vt 0.021926 0.290064
vt 0.021926 0.451003
vt 0.021356 0.611942
vt 0.021926 0.611942
vt 0.000000 0.002562
vt 0.160939 0.002035
vt 0.000000 0.002035
vt 0.321878 0.003052
vt 0.000000 0.003052
vt 0.000000 0.003542
vt 0.160939 0.004069
vt 0.000000 0.004069
vt 0.321878 0.002543
vt 0.321878 0.003561
vt 0.321878 0.004069
vt 0.321878 0.002035
vt 0.020262 0.306887
vt 0.020262 0.629260
vt 0.019738 0.306887
vt 0.019214 0.629260
vt 0.019213 0.306887
vt 0.018689 0.306887
vt 0.018689 0.467826
vt 0.020786 0.467826
vt 0.020786 0.306887
vt 0.020786 0.628765
vt 0.019738 0.629715
vt 0.018689 0.628765
vt 0.002022 0.298852
vt 0.002477 0.298328
vt 0.003542 0.298852
vt 0.002477 0.299376
vt 0.003542 0.299376
vt 0.002972 0.299901
vt 0.003542 0.298328
vt 0.002972 0.297803
vt 0.003542 0.297803
vt 0.003542 0.299901
vt 0.321878 0.225157
vt 0.321878 0.228266
vt 0.000000 0.225429
vt 0.321878 0.222048
vt 0.321878 0.219025
vt 0.321878 0.231375
vt 0.321878 0.243149
vt 0.000000 0.246038
vt 0.321878 0.240261
vt 0.321878 0.237373
vt 0.000000 0.236121
vt 0.321878 0.234484
vt 0.160939 0.204821
vt 0.321878 0.206743
vt 0.321878 0.209954
vt 0.321878 0.204821
vt 0.000000 0.214738
vt 0.000000 0.204821
vt 0.321878 0.212978
vt 0.321878 0.216001
vt 0.321878 0.246038
vt 0.000000 0.266646
vt 0.321878 0.266918
vt 0.321878 0.270027
vt 0.321878 0.263809
vt 0.321878 0.260701
vt 0.321878 0.273051
vt 0.160939 0.287255
vt 0.321878 0.285333
vt 0.321878 0.287255
vt 0.321878 0.282122
vt 0.000000 0.277338
vt 0.321878 0.279098
vt 0.321878 0.276074
vt 0.000000 0.255955
vt 0.321878 0.251815
vt 0.321878 0.254703
vt 0.321878 0.248926
vt 0.321878 0.257592
vt 0.000000 0.287255
vt 0.160939 0.008139
vt 0.000000 0.008139
vt 0.000000 0.008666
vt 0.000000 0.009646
vt 0.321878 0.009665
vt 0.321878 0.009156
vt 0.000000 0.009156
vt 0.000000 0.010173
vt 0.321878 0.010173
vt 0.321878 0.008647
vt 0.321878 0.008139
vt 0.000000 0.021605
vt 0.321878 0.021605
vt 0.214585 0.026744
vt 0.107293 0.026744
vt 0.321878 0.026744
vt 0.000000 0.026744
vt 0.005093 0.299838
vt 0.005617 0.299838
vt 0.005617 0.298821
vt 0.005093 0.298821
vt 0.004568 0.299838
vt 0.004568 0.298821
vt 0.005093 0.300855
vt 0.005617 0.300855
vt 0.004568 0.300855
vt 0.005617 0.297803
vt 0.006142 0.298821
vt 0.006142 0.297803
vt 0.006142 0.299838
vt 0.006142 0.300855
vt 0.005093 0.297803
vt 0.004568 0.297803
vt 0.004044 0.297803
vt 0.004044 0.298821
vt 0.004044 0.299838
vt 0.006142 0.301873
vt 0.005093 0.301873
vt 0.005617 0.301873
vt 0.004568 0.301873
vt 0.004044 0.300855
vt 0.004044 0.301873
vt 0.015605 0.311976
vt 0.015605 0.308792
vt 0.016130 0.308792
vt 0.016130 0.311976
vt 0.015081 0.311976
vt 0.015081 0.308792
vt 0.015605 0.317972
vt 0.016130 0.317972
vt 0.015081 0.317972
vt 0.015605 0.323967
vt 0.016130 0.323967
vt 0.015081 0.323967
vt 0.015605 0.330132
vt 0.016130 0.330132
vt 0.015081 0.330132
vt 0.015605 0.336297
vt 0.016130 0.336297
vt 0.015081 0.336297
vt 0.015605 0.342024
vt 0.016130 0.342024
vt 0.015081 0.342024
vt 0.015605 0.347752
vt 0.016130 0.347752
vt 0.015081 0.347752
vt 0.015605 0.353479
vt 0.016130 0.353479
vt 0.015081 0.353479
vt 0.015605 0.359207
vt 0.016130 0.359207
vt 0.015081 0.359207
vt 0.015605 0.365372
vt 0.016130 0.365372
vt 0.015081 0.365372
vt 0.015605 0.371536
vt 0.016130 0.371536
vt 0.015081 0.371536
vt 0.015605 0.377532
vt 0.016130 0.377532
vt 0.015081 0.377532
vt 0.015605 0.383527
vt 0.016130 0.383527
vt 0.015081 0.383527
vt 0.015605 0.386711
vt 0.016130 0.386711
vt 0.015081 0.386711
vt 0.016654 0.308792
vt 0.016130 0.306887
vt 0.016654 0.306887
vt 0.016654 0.311976
vt 0.016654 0.317972
vt 0.015605 0.306887
vt 0.014752 0.308792
vt 0.015081 0.306887
vt 0.016654 0.323967
vt 0.016654 0.336297
vt 0.016654 0.330132
vt 0.016654 0.342024
vt 0.016654 0.347752
vt 0.014557 0.306887
vt 0.014557 0.311976
vt 0.014557 0.308792
vt 0.014557 0.317972
vt 0.014557 0.314974
vt 0.014557 0.323967
vt 0.014557 0.320969
vt 0.014557 0.327050
vt 0.014557 0.330132
vt 0.014557 0.333214
vt 0.014557 0.336297
vt 0.014557 0.342024
vt 0.014557 0.339161
vt 0.014557 0.344888
vt 0.014557 0.347752
vt 0.016654 0.353479
vt 0.016654 0.359207
vt 0.016654 0.365372
vt 0.016654 0.371536
vt 0.016654 0.377532
vt 0.016654 0.383527
vt 0.016654 0.388617
vt 0.016130 0.388617
vt 0.016654 0.386711
vt 0.015605 0.388617
vt 0.015081 0.388617
vt 0.014557 0.353479
vt 0.014557 0.350616
vt 0.014557 0.356343
vt 0.014557 0.359207
vt 0.014557 0.365372
vt 0.014557 0.362289
vt 0.014557 0.368454
vt 0.014557 0.371536
vt 0.014557 0.377532
vt 0.014557 0.374534
vt 0.014752 0.386711
vt 0.014557 0.383527
vt 0.014557 0.380530
vt 0.014557 0.386711
vt 0.014557 0.388617
vt 0.017240 0.289769
vt 0.017240 0.289244
vt 0.016223 0.289244
vt 0.016223 0.289769
vt 0.017240 0.290293
vt 0.016223 0.290293
vt 0.018258 0.289769
vt 0.018258 0.289244
vt 0.018258 0.290293
vt 0.016223 0.288720
vt 0.015206 0.288720
vt 0.015206 0.289244
vt 0.017240 0.288720
vt 0.015206 0.289769
vt 0.015206 0.290293
vt 0.015206 0.290818
vt 0.016223 0.290818
vt 0.017240 0.290818
vt 0.018258 0.288720
vt 0.019275 0.288720
vt 0.019275 0.289244
vt 0.019275 0.289769
vt 0.019275 0.290818
vt 0.019275 0.290293
vt 0.011723 0.299455
vt 0.011198 0.296885
vt 0.011723 0.296885
vt 0.010150 0.296885
vt 0.010674 0.296885
vt 0.010674 0.302024
vt 0.010150 0.302024
vt 0.009625 0.296885
vt 0.009625 0.302024
vt 0.011198 0.302024
vt 0.011723 0.302024
vt 0.020786 0.451003
vt 0.020786 0.290064
vt 0.020786 0.611942
vt 0.005702 0.306887
vt 0.006230 0.306887
vt 0.006230 0.467826
vt 0.005212 0.628765
vt 0.005212 0.306887
vt 0.004723 0.306887
vt 0.004195 0.467826
vt 0.004195 0.306887
vt 0.005721 0.628765
vt 0.004704 0.628765
vt 0.004195 0.628765
vt 0.006230 0.628765
vt 0.000000 0.014893
vt 0.000000 0.015417
vt 0.322373 0.014893
vt 0.000000 0.015941
vt 0.322373 0.015941
vt 0.000000 0.016466
vt 0.160939 0.016466
vt 0.160939 0.014368
vt 0.000000 0.014368
vt 0.321878 0.014368
vt 0.322829 0.015417
vt 0.321878 0.016466
vt 0.002022 0.289769
vt 0.003542 0.289769
vt 0.002477 0.289245
vt 0.002477 0.290293
vt 0.003542 0.290293
vt 0.002972 0.290817
vt 0.003542 0.289244
vt 0.002972 0.288720
vt 0.003542 0.288720
vt 0.003542 0.290817
vt 0.000000 0.057631
vt 0.321878 0.060468
vt 0.321878 0.057359
vt 0.321878 0.054250
vt 0.321878 0.051226
vt 0.321878 0.063577
vt 0.321878 0.075351
vt 0.321878 0.072462
vt 0.000000 0.078239
vt 0.321878 0.069574
vt 0.321878 0.066686
vt 0.000000 0.068322
vt 0.160939 0.037022
vt 0.321878 0.042156
vt 0.321878 0.038944
vt 0.321878 0.037022
vt 0.000000 0.046939
vt 0.000000 0.037022
vt 0.321878 0.048203
vt 0.321878 0.045179
vt 0.321878 0.078239
vt 0.000000 0.098848
vt 0.321878 0.102229
vt 0.321878 0.099120
vt 0.321878 0.096011
vt 0.321878 0.092902
vt 0.321878 0.105252
vt 0.160939 0.119456
vt 0.321878 0.117534
vt 0.321878 0.114323
vt 0.321878 0.111299
vt 0.000000 0.109540
vt 0.321878 0.108276
vt 0.321878 0.119456
vt 0.000000 0.088156
vt 0.321878 0.086905
vt 0.321878 0.084016
vt 0.321878 0.081128
vt 0.321878 0.089793
vt 0.000000 0.119456
vt 0.000000 0.004597
vt 0.000000 0.004069
vt 0.000000 0.005576
vt 0.000000 0.005087
vt 0.321878 0.005087
vt 0.321878 0.005595
vt 0.000000 0.006104
vt 0.321878 0.006104
vt 0.321878 0.004578
vt 0.000000 0.031883
vt 0.107293 0.037022
vt 0.214585 0.037022
vt 0.321878 0.031883
vt 0.007884 0.290755
vt 0.007884 0.289737
vt 0.008408 0.289737
vt 0.008408 0.290755
vt 0.007359 0.290755
vt 0.007359 0.289737
vt 0.007884 0.291772
vt 0.008408 0.291772
vt 0.007359 0.291772
vt 0.008408 0.288720
vt 0.008932 0.288720
vt 0.008932 0.289737
vt 0.008932 0.290755
vt 0.008932 0.291772
vt 0.007884 0.288720
vt 0.007359 0.288720
vt 0.006835 0.288720
vt 0.006835 0.289737
vt 0.006835 0.290755
vt 0.008932 0.292789
vt 0.008408 0.292789
vt 0.007884 0.292789
vt 0.007359 0.292789
vt 0.006835 0.291772
vt 0.006835 0.292789
vt 0.013508 0.311976
vt 0.014032 0.311976
vt 0.014032 0.308792
vt 0.013508 0.308792
vt 0.012984 0.311976
vt 0.012984 0.308792
vt 0.013508 0.317972
vt 0.014032 0.317972
vt 0.012984 0.317972
vt 0.013508 0.323967
vt 0.014032 0.323967
vt 0.012984 0.323967
vt 0.013508 0.330132
vt 0.014032 0.330132
vt 0.012984 0.330132
vt 0.013508 0.336297
vt 0.014032 0.336297
vt 0.012984 0.336297
vt 0.013508 0.342024
vt 0.014032 0.342024
vt 0.012984 0.342024
vt 0.013508 0.347752
vt 0.014032 0.347752
vt 0.012984 0.347752
vt 0.013508 0.353479
vt 0.014032 0.353479
vt 0.012984 0.353479
vt 0.013508 0.359207
vt 0.014032 0.359207
vt 0.012984 0.359207
vt 0.013508 0.365372
vt 0.014032 0.365372
vt 0.012984 0.365372
vt 0.013508 0.371536
vt 0.014032 0.371536
vt 0.012984 0.371536
vt 0.013508 0.377532
vt 0.014032 0.377532
vt 0.012984 0.377532
vt 0.013508 0.383527
vt 0.014032 0.383527
vt 0.012984 0.383527
vt 0.013508 0.386711
vt 0.014032 0.386711
vt 0.012984 0.386711
vt 0.014032 0.306887
vt 0.014557 0.311976
vt 0.013508 0.306887
vt 0.012655 0.308792
vt 0.012984 0.306887
vt 0.012459 0.306887
vt 0.012459 0.311976
vt 0.012459 0.308792
vt 0.012459 0.314974
vt 0.012459 0.317972
vt 0.012459 0.320969
vt 0.012459 0.323967
vt 0.012459 0.327050
vt 0.012459 0.330132
vt 0.012459 0.333214
vt 0.012459 0.336297
vt 0.012459 0.339161
vt 0.012459 0.342024
vt 0.012459 0.344888
vt 0.012459 0.347752
vt 0.014032 0.388617
vt 0.013508 0.388617
vt 0.012984 0.388617
vt 0.012459 0.350616
vt 0.012459 0.353479
vt 0.012459 0.356343
vt 0.012459 0.359207
vt 0.012459 0.362289
vt 0.012459 0.365372
vt 0.012459 0.368454
vt 0.012459 0.371536
vt 0.012459 0.374534
vt 0.012459 0.377532
vt 0.012655 0.386711
vt 0.012459 0.380530
vt 0.012459 0.383527
vt 0.012459 0.386711
vt 0.012459 0.388617
vt 0.017240 0.293851
vt 0.016223 0.293851
vt 0.016223 0.293327
vt 0.017240 0.293327
vt 0.017240 0.294376
vt 0.016223 0.294376
vt 0.018258 0.293851
vt 0.018258 0.293327
vt 0.018258 0.294376
vt 0.016223 0.292803
vt 0.015206 0.293327
vt 0.015206 0.292803
vt 0.017240 0.292803
vt 0.015206 0.293851
vt 0.015206 0.294376
vt 0.015206 0.294900
vt 0.016223 0.294900
vt 0.017240 0.294900
vt 0.018258 0.292803
vt 0.019275 0.292803
vt 0.019275 0.293327
vt 0.019275 0.293851
vt 0.019275 0.294900
vt 0.019275 0.294376
vt 0.020094 0.299455
vt 0.020094 0.296885
vt 0.019569 0.296885
vt 0.018520 0.296885
vt 0.018520 0.302024
vt 0.019045 0.302024
vt 0.019045 0.296885
vt 0.017996 0.296885
vt 0.017996 0.302024
vt 0.019569 0.302024
vt 0.020094 0.302024
vt 0.003671 0.306887
vt 0.004195 0.344851
vt 0.004195 0.382815
vt 0.003670 0.497203
vt 0.003146 0.306887
vt 0.002622 0.306887
vt 0.002097 0.401797
vt 0.002097 0.306887
vt 0.002622 0.497202
vt 0.004195 0.420779
vt 0.004195 0.458743
vt 0.004195 0.496707
vt 0.003146 0.497658
vt 0.002097 0.496707
vt 0.027260 0.478541
vt 0.027260 0.288720
vt 0.026735 0.288720
vt 0.025687 0.479036
vt 0.026211 0.288720
vt 0.025687 0.288720
vt 0.025162 0.383630
vt 0.025162 0.288720
vt 0.026735 0.479036
vt 0.026211 0.479491
vt 0.025162 0.478541
vt 0.022495 0.451003
vt 0.023065 0.451003
vt 0.023065 0.290064
vt 0.022495 0.290064
vt 0.022495 0.611942
vt 0.023065 0.611942
vt 0.000000 0.000528
vt 0.000000 0.000000
vt 0.160939 0.000000
vt 0.321878 0.001017
vt 0.000000 0.001017
vt 0.000000 0.001507
vt 0.000000 0.002035
vt 0.321878 0.000509
vt 0.321878 0.001526
vt 0.321878 0.000000
vt 0.000000 0.012795
vt 0.000000 0.013320
vt 0.322373 0.012796
vt 0.000000 0.013844
vt 0.322373 0.013843
vt 0.160939 0.012271
vt 0.000000 0.012271
vt 0.321878 0.012271
vt 0.322829 0.013319
vt 0.000000 0.298852
vt 0.001520 0.298852
vt 0.000455 0.298328
vt 0.000455 0.299376
vt 0.001520 0.299376
vt 0.000950 0.299901
vt 0.001520 0.298328
vt 0.000950 0.297803
vt 0.001520 0.297803
vt 0.001520 0.299901
vt 0.321878 0.144367
vt 0.321878 0.141258
vt 0.000000 0.141530
vt 0.321878 0.138149
vt 0.321878 0.135126
vt 0.321878 0.147476
vt 0.000000 0.162139
vt 0.321878 0.156362
vt 0.000000 0.152222
vt 0.321878 0.153473
vt 0.321878 0.150585
vt 0.321878 0.159250
vt 0.160939 0.120921
vt 0.321878 0.126055
vt 0.321878 0.122844
vt 0.321878 0.120921
vt 0.000000 0.130838
vt 0.000000 0.120921
vt 0.321878 0.132102
vt 0.321878 0.129078
vt 0.321878 0.162139
vt 0.000000 0.182747
vt 0.321878 0.186128
vt 0.321878 0.183019
vt 0.321878 0.179910
vt 0.321878 0.176801
vt 0.321878 0.189152
vt 0.160939 0.203356
vt 0.321878 0.201434
vt 0.321878 0.198222
vt 0.321878 0.195199
vt 0.321878 0.192175
vt 0.000000 0.193439
vt 0.321878 0.203356
vt 0.000000 0.172055
vt 0.321878 0.170804
vt 0.321878 0.167915
vt 0.321878 0.165027
vt 0.321878 0.173692
vt 0.000000 0.203356
vt 0.018161 0.306887
vt 0.017182 0.306887
vt 0.017672 0.306887
vt 0.017672 0.628765
vt 0.017163 0.628765
vt 0.016654 0.628765
vt 0.018180 0.628765
vt 0.107293 0.021605
vt 0.214585 0.021605
vt 0.007884 0.299838
vt 0.007884 0.298821
vt 0.008408 0.298821
vt 0.008408 0.299838
vt 0.007359 0.299838
vt 0.007359 0.298821
vt 0.007884 0.300855
vt 0.008408 0.300855
vt 0.007359 0.300855
vt 0.008408 0.297803
vt 0.008932 0.297803
vt 0.008932 0.298821
vt 0.008932 0.299838
vt 0.008932 0.300855
vt 0.007884 0.297803
vt 0.007359 0.297803
vt 0.006835 0.297803
vt 0.006835 0.298821
vt 0.006835 0.299838
vt 0.008932 0.301873
vt 0.008408 0.301873
vt 0.007884 0.301873
vt 0.007359 0.301873
vt 0.006835 0.300855
vt 0.006835 0.301873
vt 0.011411 0.311976
vt 0.011935 0.311976
vt 0.011935 0.308792
vt 0.011411 0.308792
vt 0.010886 0.311976
vt 0.010886 0.308792
vt 0.011411 0.317972
vt 0.011935 0.317972
vt 0.010886 0.317972
vt 0.011411 0.323967
vt 0.011935 0.323967
vt 0.010886 0.323967
vt 0.011411 0.330132
vt 0.011935 0.330132
vt 0.010886 0.330132
vt 0.011411 0.336297
vt 0.011935 0.336297
vt 0.010886 0.336297
vt 0.011411 0.342024
vt 0.011935 0.342024
vt 0.010886 0.342024
vt 0.011411 0.347752
vt 0.011935 0.347752
vt 0.010886 0.347752
vt 0.011411 0.353479
vt 0.011935 0.353479
vt 0.010886 0.353479
vt 0.011411 0.359207
vt 0.011935 0.359207
vt 0.010886 0.359207
vt 0.011411 0.365372
vt 0.011935 0.365372
vt 0.010886 0.365372
vt 0.011411 0.371536
vt 0.011935 0.371536
vt 0.010886 0.371536
vt 0.011411 0.377532
vt 0.011935 0.377532
vt 0.010886 0.377532
vt 0.011411 0.383527
vt 0.011935 0.383527
vt 0.010886 0.383527
vt 0.011411 0.386711
vt 0.011935 0.386711
vt 0.010886 0.386711
vt 0.011935 0.306887
vt 0.012459 0.311976
vt 0.011411 0.306887
vt 0.010557 0.308792
vt 0.010886 0.306887
vt 0.010362 0.306887
vt 0.010362 0.311976
vt 0.010362 0.308792
vt 0.010362 0.314974
vt 0.010362 0.317972
vt 0.010362 0.320969
vt 0.010362 0.323967
vt 0.010362 0.327050
vt 0.010362 0.330132
vt 0.010362 0.333214
vt 0.010362 0.336297
vt 0.010362 0.339161
vt 0.010362 0.342024
vt 0.010362 0.344888
vt 0.010362 0.347752
vt 0.011935 0.388617
vt 0.011411 0.388617
vt 0.010886 0.388617
vt 0.010362 0.350616
vt 0.010362 0.353479
vt 0.010362 0.356343
vt 0.010362 0.359207
vt 0.010362 0.362289
vt 0.010362 0.365372
vt 0.010362 0.368454
vt 0.010362 0.371536
vt 0.010362 0.374534
vt 0.010362 0.377532
vt 0.010557 0.386711
vt 0.010362 0.380530
vt 0.010362 0.383527
vt 0.010362 0.386711
vt 0.010362 0.388617
vt 0.011660 0.293851
vt 0.010643 0.293851
vt 0.010643 0.293327
vt 0.011660 0.293327
vt 0.011660 0.294376
vt 0.010643 0.294376
vt 0.012677 0.293851
vt 0.012677 0.293327
vt 0.012677 0.294376
vt 0.010643 0.292803
vt 0.009625 0.293327
vt 0.009625 0.292803
vt 0.011660 0.292803
vt 0.009625 0.293851
vt 0.009625 0.294376
vt 0.009625 0.294900
vt 0.010643 0.294900
vt 0.011660 0.294900
vt 0.012677 0.292803
vt 0.013695 0.292803
vt 0.013695 0.293327
vt 0.013695 0.293851
vt 0.013695 0.294900
vt 0.013695 0.294376
vt 0.014513 0.299455
vt 0.014513 0.296885
vt 0.013989 0.296885
vt 0.012940 0.296885
vt 0.012940 0.302024
vt 0.013464 0.302024
vt 0.013464 0.296885
vt 0.012416 0.296885
vt 0.012416 0.302024
vt 0.013989 0.302024
vt 0.014513 0.302024
vt 0.007737 0.306887
vt 0.008264 0.467826
vt 0.008264 0.306887
vt 0.007247 0.628765
vt 0.007247 0.306887
vt 0.006757 0.306887
vt 0.007756 0.628765
vt 0.006738 0.628765
vt 0.008264 0.628765
vt 0.000000 0.010698
vt 0.322373 0.010698
vt 0.000000 0.011222
vt 0.322373 0.011746
vt 0.000000 0.011746
vt 0.160939 0.010173
vt 0.322829 0.011222
vt 0.000000 0.289769
vt 0.000455 0.289245
vt 0.001520 0.289769
vt 0.000455 0.290293
vt 0.001520 0.290293
vt 0.000950 0.290817
vt 0.001520 0.289244
vt 0.000950 0.288720
vt 0.001520 0.288720
vt 0.001520 0.290817
vt 0.050705 0.290064
vt 0.047868 0.611942
vt 0.047596 0.290064
vt 0.044487 0.290064
vt 0.041464 0.290064
vt 0.053814 0.290064
vt 0.068477 0.611942
vt 0.058560 0.611942
vt 0.062700 0.290064
vt 0.059812 0.290064
vt 0.056923 0.290064
vt 0.065589 0.290064
vt 0.027260 0.451003
vt 0.029182 0.290064
vt 0.032393 0.290064
vt 0.027260 0.290064
vt 0.037177 0.611942
vt 0.027260 0.611942
vt 0.035417 0.290064
vt 0.038440 0.290064
vt 0.068477 0.290064
vt 0.089086 0.611942
vt 0.089358 0.290064
vt 0.092467 0.290064
vt 0.086249 0.290064
vt 0.083140 0.290064
vt 0.095490 0.290064
vt 0.109694 0.451003
vt 0.104561 0.290064
vt 0.107772 0.290064
vt 0.101537 0.290064
vt 0.099777 0.611942
vt 0.098514 0.290064
vt 0.109694 0.290064
vt 0.078394 0.611942
vt 0.074254 0.290064
vt 0.077142 0.290064
vt 0.071365 0.290064
vt 0.080031 0.290064
vt 0.109694 0.611942
vt 0.160939 0.006104
vt 0.000000 0.006632
vt 0.000000 0.007611
vt 0.321878 0.007630
vt 0.321878 0.007121
vt 0.000000 0.007121
vt 0.321878 0.006613
vt 0.214585 0.031883
vt 0.107293 0.031883
vt 0.005093 0.290755
vt 0.005617 0.290755
vt 0.005617 0.289737
vt 0.005093 0.289737
vt 0.004568 0.290755
vt 0.004568 0.289737
vt 0.005093 0.291772
vt 0.005617 0.291772
vt 0.004568 0.291772
vt 0.005617 0.288720
vt 0.006142 0.289737
vt 0.006142 0.288720
vt 0.006142 0.290755
vt 0.006142 0.291772
vt 0.005093 0.288720
vt 0.004568 0.288720
vt 0.004044 0.288720
vt 0.004044 0.289737
vt 0.004044 0.290755
vt 0.006142 0.292789
vt 0.005093 0.292789
vt 0.005617 0.292789
vt 0.004568 0.292789
vt 0.004044 0.291772
vt 0.004044 0.292789
vt 0.009313 0.311976
vt 0.009313 0.308792
vt 0.009837 0.308792
vt 0.009837 0.311976
vt 0.008789 0.311976
vt 0.008789 0.308792
vt 0.009313 0.317972
vt 0.009837 0.317972
vt 0.008789 0.317972
vt 0.009313 0.323967
vt 0.009837 0.323967
vt 0.008789 0.323967
vt 0.009313 0.330132
vt 0.009837 0.330132
vt 0.008789 0.330132
vt 0.009313 0.336297
vt 0.009837 0.336297
vt 0.008789 0.336297
vt 0.009313 0.342024
vt 0.009837 0.342024
vt 0.008789 0.342024
vt 0.009313 0.347752
vt 0.009837 0.347752
vt 0.008789 0.347752
vt 0.009313 0.353479
vt 0.009837 0.353479
vt 0.008789 0.353479
vt 0.009313 0.359207
vt 0.009837 0.359207
vt 0.008789 0.359207
vt 0.009313 0.365372
vt 0.009837 0.365372
vt 0.008789 0.365372
vt 0.009313 0.371536
vt 0.009837 0.371536
vt 0.008789 0.371536
vt 0.009313 0.377532
vt 0.009837 0.377532
vt 0.008789 0.377532
vt 0.009313 0.383527
vt 0.009837 0.383527
vt 0.008789 0.383527
vt 0.009313 0.386711
vt 0.009837 0.386711
vt 0.008789 0.386711
vt 0.009837 0.306887
vt 0.010362 0.311976
vt 0.009313 0.306887
vt 0.008460 0.308792
vt 0.008789 0.306887
vt 0.008264 0.311976
vt 0.008264 0.308792
vt 0.008264 0.317972
vt 0.008264 0.314974
vt 0.008264 0.323967
vt 0.008264 0.320969
vt 0.008264 0.327050
vt 0.008264 0.330132
vt 0.008264 0.333214
vt 0.008264 0.336297
vt 0.008264 0.342024
vt 0.008264 0.339161
vt 0.008264 0.344888
vt 0.008264 0.347752
vt 0.009837 0.388617
vt 0.009313 0.388617
vt 0.008789 0.388617
vt 0.008264 0.353479
vt 0.008264 0.350616
vt 0.008264 0.356343
vt 0.008264 0.359207
vt 0.008264 0.365372
vt 0.008264 0.362289
vt 0.008264 0.368454
vt 0.008264 0.371536
vt 0.008264 0.377532
vt 0.008264 0.374534
vt 0.008460 0.386711
vt 0.008264 0.383527
vt 0.008264 0.380530
vt 0.008264 0.386711
vt 0.008264 0.388617
vt 0.011660 0.289769
vt 0.011660 0.289244
vt 0.010643 0.289244
vt 0.010643 0.289769
vt 0.011660 0.290293
vt 0.010643 0.290293
vt 0.012677 0.289769
vt 0.012677 0.289244
vt 0.012677 0.290293
vt 0.010643 0.288720
vt 0.009625 0.288720
vt 0.009625 0.289244
vt 0.011660 0.288720
vt 0.009625 0.289769
vt 0.009625 0.290293
vt 0.009625 0.290818
vt 0.010643 0.290818
vt 0.011660 0.290818
vt 0.012677 0.288720
vt 0.013695 0.288720
vt 0.013695 0.289244
vt 0.013695 0.289769
vt 0.013695 0.290818
vt 0.013695 0.290293
vt 0.017303 0.299455
vt 0.016779 0.296885
vt 0.017303 0.296885
vt 0.015730 0.296885
vt 0.016255 0.296885
vt 0.016255 0.302024
vt 0.015730 0.302024
vt 0.015206 0.296885
vt 0.015206 0.302024
vt 0.016779 0.302024
vt 0.017303 0.302024
vt 0.001573 0.306887
vt 0.002097 0.344851
vt 0.002097 0.382815
vt 0.001049 0.306887
vt 0.001573 0.497203
vt 0.000524 0.306887
vt 0.000000 0.306887
vt 0.000000 0.401797
vt 0.000525 0.497202
vt 0.002097 0.420779
vt 0.002097 0.458743
vt 0.001049 0.497658
vt 0.000000 0.496707
vt 0.024638 0.288720
vt 0.023590 0.479036
vt 0.023589 0.288720
vt 0.024114 0.288720
vt 0.023065 0.383630
vt 0.023065 0.288720
vt 0.024637 0.479036
vt 0.024114 0.479491
vt 0.023065 0.478541
vt 0.713556 0.001344
vt 0.619009 0.162283
vt 0.619009 0.001344
vt 0.808103 0.001344
vt 0.619009 0.323222
vt 0.808103 0.645100
vt 0.713556 0.645100
vt 0.619009 0.484161
vt 0.619009 0.645100
vt 0.997196 0.323222
vt 0.997196 0.162283
vt 0.902650 0.001344
vt 0.997196 0.001344
vt 0.997196 0.484161
vt 0.902650 0.645100
vt 0.997196 0.645100
vt 0.425773 0.611210
vt 0.330557 0.611210
vt 0.330557 0.449965
vt 0.425773 0.449965
vt 0.425773 0.772455
vt 0.330557 0.772455
vt 0.520989 0.611210
vt 0.520989 0.449965
vt 0.520989 0.772455
vt 0.235733 0.289113
vt 0.235341 0.290061
vt 0.235435 0.289567
vt 0.236187 0.288814
vt 0.236680 0.288720
vt 0.235341 0.397110
vt 0.235341 0.611210
vt 0.235341 0.504160
vt 0.274498 0.288720
vt 0.312317 0.288720
vt 0.387955 0.288720
vt 0.350136 0.288720
vt 0.425773 0.288720
vt 0.274498 0.933700
vt 0.236680 0.933700
vt 0.235341 0.825309
vt 0.235341 0.932359
vt 0.235733 0.933307
vt 0.235435 0.932852
vt 0.236187 0.933605
vt 0.235341 0.718259
vt 0.387955 0.933700
vt 0.350136 0.933700
vt 0.312317 0.933700
vt 0.425773 0.933700
vt 0.463592 0.288720
vt 0.501411 0.288720
vt 0.577048 0.288720
vt 0.539229 0.288720
vt 0.616206 0.397110
vt 0.614867 0.288720
vt 0.615813 0.289113
vt 0.616206 0.290061
vt 0.615360 0.288814
vt 0.616112 0.289567
vt 0.616206 0.504160
vt 0.616206 0.611210
vt 0.501411 0.933700
vt 0.463592 0.933700
vt 0.616206 0.825309
vt 0.577048 0.933700
vt 0.539229 0.933700
vt 0.616206 0.718259
vt 0.614867 0.933700
vt 0.616206 0.932359
vt 0.615360 0.933605
vt 0.615813 0.933307
vt 0.616112 0.932852
vt 0.156629 0.397742
vt 0.164207 0.397742
vt 0.164207 0.343231
vt 0.156629 0.343231
vt 0.149050 0.397742
vt 0.149050 0.343231
vt 0.141472 0.397742
vt 0.141472 0.343231
vt 0.133894 0.397742
vt 0.133894 0.343231
vt 0.126316 0.397742
vt 0.126316 0.343231
vt 0.118737 0.397742
vt 0.118737 0.343231
vt 0.156629 0.452253
vt 0.164207 0.452253
vt 0.149050 0.452253
vt 0.141472 0.452253
vt 0.133894 0.452253
vt 0.126316 0.452253
vt 0.118737 0.452253
vt 0.156629 0.506764
vt 0.164207 0.506764
vt 0.149050 0.506764
vt 0.141472 0.506764
vt 0.133894 0.506764
vt 0.126316 0.506764
vt 0.118737 0.506764
vt 0.156629 0.561275
vt 0.164207 0.561275
vt 0.149050 0.561275
vt 0.141472 0.561275
vt 0.133894 0.561275
vt 0.126316 0.561275
vt 0.118737 0.561275
vt 0.156629 0.615786
vt 0.164207 0.615786
vt 0.149050 0.615786
vt 0.141472 0.615786
vt 0.133894 0.615786
vt 0.126316 0.615786
vt 0.118737 0.615786
vt 0.156629 0.670297
vt 0.164207 0.670297
vt 0.149050 0.670297
vt 0.141472 0.670297
vt 0.133894 0.670297
vt 0.126316 0.670297
vt 0.118737 0.670297
vt 0.163475 0.309595
vt 0.164146 0.314383
vt 0.166767 0.316943
vt 0.165792 0.316750
vt 0.164956 0.316201
vt 0.164380 0.315372
vt 0.158561 0.299458
vt 0.154464 0.295375
vt 0.161573 0.304244
vt 0.163999 0.312576
vt 0.149566 0.292356
vt 0.169276 0.316943
vt 0.171785 0.354907
vt 0.171785 0.316943
vt 0.171785 0.430836
vt 0.171785 0.392871
vt 0.171785 0.468800
vt 0.171785 0.506764
vt 0.133959 0.290644
vt 0.128916 0.292356
vt 0.124019 0.295375
vt 0.119921 0.299458
vt 0.139241 0.290064
vt 0.114337 0.314383
vt 0.115007 0.309595
vt 0.116909 0.304244
vt 0.114484 0.312576
vt 0.113527 0.316201
vt 0.144524 0.290644
vt 0.112690 0.316750
vt 0.111715 0.316943
vt 0.111159 0.316943
vt 0.111159 0.506764
vt 0.171785 0.544728
vt 0.171785 0.620656
vt 0.171785 0.582692
vt 0.171785 0.658621
vt 0.161573 0.709284
vt 0.169276 0.696585
vt 0.166767 0.696585
vt 0.171785 0.696585
vt 0.165792 0.696778
vt 0.163475 0.703933
vt 0.164146 0.699145
vt 0.164380 0.698156
vt 0.164956 0.697327
vt 0.158561 0.714070
vt 0.154464 0.718152
vt 0.163999 0.700952
vt 0.149566 0.721172
vt 0.128916 0.721172
vt 0.124019 0.718152
vt 0.139241 0.723464
vt 0.111159 0.696585
vt 0.111715 0.696585
vt 0.112690 0.696778
vt 0.113527 0.697327
vt 0.144524 0.722884
vt 0.133959 0.722884
vt 0.119921 0.714070
vt 0.114337 0.699145
vt 0.115007 0.703933
vt 0.114484 0.700952
vt 0.116909 0.709284
vt 0.218720 0.397742
vt 0.226298 0.397742
vt 0.226298 0.343231
vt 0.218720 0.343231
vt 0.211141 0.397742
vt 0.211141 0.343231
vt 0.203563 0.397742
vt 0.203563 0.343231
vt 0.195985 0.397742
vt 0.195985 0.343231
vt 0.188407 0.397742
vt 0.188407 0.343231
vt 0.180828 0.397742
vt 0.180828 0.343231
vt 0.218720 0.452253
vt 0.226298 0.452253
vt 0.211141 0.452253
vt 0.203563 0.452253
vt 0.195985 0.452253
vt 0.188407 0.452253
vt 0.180828 0.452253
vt 0.218720 0.506764
vt 0.226298 0.506764
vt 0.211141 0.506764
vt 0.203563 0.506764
vt 0.195985 0.506764
vt 0.188407 0.506764
vt 0.180828 0.506764
vt 0.218720 0.561275
vt 0.226298 0.561275
vt 0.211141 0.561275
vt 0.203563 0.561275
vt 0.195985 0.561275
vt 0.188407 0.561275
vt 0.180828 0.561275
vt 0.218720 0.615786
vt 0.226298 0.615786
vt 0.211141 0.615786
vt 0.203563 0.615786
vt 0.195985 0.615786
vt 0.188407 0.615786
vt 0.180828 0.615786
vt 0.218720 0.670297
vt 0.226298 0.670297
vt 0.211141 0.670297
vt 0.203563 0.670297
vt 0.195985 0.670297
vt 0.188407 0.670297
vt 0.180828 0.670297
vt 0.225566 0.309595
vt 0.226237 0.314383
vt 0.226090 0.312576
vt 0.227883 0.316750
vt 0.227047 0.316201
vt 0.226471 0.315372
vt 0.216555 0.295375
vt 0.211657 0.292356
vt 0.220652 0.299458
vt 0.223664 0.304244
vt 0.206615 0.290644
vt 0.231367 0.316943
vt 0.228858 0.316943
vt 0.233876 0.316943
vt 0.233876 0.354907
vt 0.233876 0.392871
vt 0.233876 0.430836
vt 0.233876 0.468800
vt 0.233876 0.506764
vt 0.186110 0.295375
vt 0.182012 0.299458
vt 0.191007 0.292356
vt 0.179000 0.304244
vt 0.177098 0.309595
vt 0.196050 0.290644
vt 0.176575 0.312576
vt 0.176428 0.314383
vt 0.173250 0.354907
vt 0.175618 0.316201
vt 0.174781 0.316750
vt 0.173806 0.316943
vt 0.201332 0.290064
vt 0.173250 0.392871
vt 0.173250 0.430836
vt 0.173250 0.316943
vt 0.173250 0.468800
vt 0.173250 0.506764
vt 0.233876 0.544728
vt 0.233876 0.582692
vt 0.233876 0.620656
vt 0.233876 0.658621
vt 0.231367 0.696585
vt 0.233876 0.696585
vt 0.216555 0.718152
vt 0.223664 0.709284
vt 0.228858 0.696585
vt 0.227047 0.697327
vt 0.227883 0.696778
vt 0.225566 0.703933
vt 0.226090 0.700952
vt 0.226237 0.699145
vt 0.226471 0.698156
vt 0.220652 0.714070
vt 0.206615 0.722884
vt 0.211657 0.721172
vt 0.173250 0.544728
vt 0.173250 0.582692
vt 0.173250 0.620656
vt 0.186110 0.718152
vt 0.173250 0.658621
vt 0.175618 0.697327
vt 0.191007 0.721172
vt 0.173250 0.696585
vt 0.173806 0.696585
vt 0.201332 0.723464
vt 0.179000 0.709284
vt 0.182012 0.714070
vt 0.196050 0.722884
vt 0.177098 0.703933
vt 0.174781 0.696778
vt 0.176575 0.700952
vt 0.176428 0.699145
s 0
f 6/1/1 2/2/1 3/3/1 4/4/1
f 5/5/1 6/1/1 4/4/1 1/6/1
f 15/7/2 10/8/1 9/9/1
f 17/10/3 15/7/4 14/11/3
f 14/11/5 13/12/6 17/10/5
f 11/13/7 13/12/8 12/14/7
f 15/7/2 16/15/9 10/8/1
f 16/15/9 15/7/4 17/10/10
f 17/10/5 13/12/6 18/16/11
f 8/17/12 18/16/13 11/13/12
f 18/16/11 13/12/8 11/13/7
f 7/18/1 10/8/1 16/15/9
f 27/19/14 24/20/15 26/21/16
f 26/21/16 21/22/17 25/23/18
f 19/24/1 25/23/18 28/25/1
f 25/23/19 21/22/20 28/25/21
f 30/26/22 27/19/14 29/27/22
f 24/20/23 30/26/22 23/28/22
f 26/21/16 24/20/24 20/29/25
f 28/25/1 21/22/20 22/30/1
f 21/22/17 26/21/16 20/29/16
f 27/19/26 30/26/27 24/20/23
f 38/31/28 39/32/29 35/33/30
f 37/34/31 38/31/30 35/33/30
f 36/35/32 33/36/1 37/34/33
f 34/37/34 39/32/35 40/38/36
f 40/38/36 31/39/36 34/37/34
f 37/34/31 35/33/37 36/35/32
f 33/36/1 36/35/32 32/40/1
f 39/32/35 34/37/34 35/33/30
f 53/41/38 54/42/39 79/43/3
f 53/41/38 79/43/5 52/44/40
f 79/43/5 51/45/41 52/44/40
f 55/46/42 79/43/10 54/42/43
f 59/47/44 77/48/1 58/49/45
f 57/50/46 78/51/9 56/52/47
f 78/51/48 55/46/42 56/52/47
f 78/51/9 58/49/45 77/48/1
f 58/49/49 78/51/9 57/50/46
f 42/53/7 47/54/50 48/55/51
f 47/54/50 42/53/12 43/56/12
f 80/57/13 41/58/12 42/53/12
f 80/57/13 42/53/7 48/55/51
f 80/57/11 49/59/52 50/60/53
f 51/45/41 80/57/11 50/60/53
f 79/43/5 80/57/11 51/45/41
f 79/43/10 55/46/42 78/51/48
f 48/55/51 49/59/52 80/57/13
f 77/48/1 59/47/54 60/61/1
f 75/62/55 67/63/56 68/64/57
f 66/65/58 75/62/59 65/66/60
f 66/65/61 67/63/56 75/62/62
f 69/67/63 75/62/55 68/64/57
f 45/68/64 73/69/65 44/70/64
f 72/71/66 74/72/67 71/73/68
f 74/72/69 70/74/70 71/73/68
f 70/74/71 74/72/69 69/67/63
f 72/71/72 73/69/65 45/68/73
f 76/75/74 62/76/75 63/77/76
f 77/48/1 61/78/77 62/76/78
f 60/61/1 61/78/79 77/48/1
f 76/75/74 77/48/1 62/76/78
f 76/75/74 63/77/76 64/79/80
f 69/67/63 74/72/69 75/62/55
f 45/68/73 74/72/67 72/71/72
f 75/62/59 76/75/81 65/66/60
f 45/68/73 46/80/73 74/72/67
f 64/79/80 65/66/60 76/75/74
f 84/81/73 83/82/73 88/83/82
f 86/84/83 91/85/81 90/86/59 87/87/59
f 85/88/1 82/89/1 91/85/74 86/84/84
f 87/87/55 90/86/55 89/90/69 88/83/85
f 89/90/67 81/91/64 84/81/64
f 88/83/82 89/90/67 84/81/73
f 96/92/1 97/93/1 94/94/1 95/95/1
f 93/96/1 94/94/1 97/93/1
f 96/92/1 95/95/1 92/97/1
f 105/98/86 104/99/87 100/100/88 101/101/89
f 106/102/90 105/98/86 101/101/91 102/103/92
f 109/104/93 108/105/94 104/99/87 105/98/95
f 110/106/96 109/104/97 105/98/86 106/102/90
f 117/107/98 118/108/99 98/109/100
f 100/100/101 118/108/102 117/107/103
f 104/99/87 119/110/55 118/108/102 100/100/101
f 119/110/59 104/99/87 108/105/104 120/111/105
f 100/100/106 117/107/107 116/112/108 101/101/109
f 115/113/110 102/103/111 101/101/91 116/112/108
f 99/114/36 103/115/36 102/103/112 115/113/113
f 103/115/36 107/116/36 106/102/114 102/103/115
f 112/117/116 120/111/117 108/105/118
f 109/104/119 122/118/120 121/119/121 108/105/94
f 108/105/118 121/119/122 112/117/116
f 122/118/120 109/104/93 110/106/123 113/120/124
f 107/116/36 111/121/36 110/106/125 106/102/114
f 113/120/126 110/106/125 111/121/36 114/122/36
f 131/123/127 127/124/128 126/125/129 130/126/130
f 132/127/131 128/128/132 127/124/133 131/123/127
f 135/129/134 131/123/127 130/126/130 134/130/135
f 136/131/136 132/127/137 131/123/127 135/129/138
f 139/132/139 135/129/134 134/130/135 138/133/140
f 140/134/141 136/131/142 135/129/143 139/132/144
f 143/135/145 139/132/146 138/133/147 142/136/148
f 144/137/149 140/134/150 139/132/146 143/135/145
f 147/138/151 143/135/145 142/136/152 146/139/153
f 148/140/154 144/137/155 143/135/145 147/138/151
f 151/141/156 147/138/151 146/139/157 150/142/158
f 152/143/159 148/140/154 147/138/160 151/141/161
f 155/144/30 151/141/156 150/142/162 154/145/34
f 156/146/32 152/143/159 151/141/161 155/144/30
f 159/147/163 155/144/30 154/145/34 158/148/164
f 160/149/165 156/146/32 155/144/30 159/147/166
f 163/150/167 159/147/163 158/148/164 162/151/168
f 164/152/169 160/149/165 159/147/166 163/150/167
f 167/153/170 163/150/167 162/151/168 166/154/171
f 168/155/172 164/152/173 163/150/174 167/153/175
f 171/156/176 167/153/170 166/154/177 170/157/178
f 172/158/179 168/155/180 167/153/170 171/156/181
f 175/159/182 171/156/181 170/157/183 174/160/184
f 176/161/185 172/158/186 171/156/181 175/159/187
f 179/162/188 175/159/182 174/160/184 178/163/189
f 180/164/190 176/161/185 175/159/191 179/162/188
f 183/165/192 179/162/188 178/163/189 182/166/193
f 184/167/194 180/164/190 179/162/188 183/165/195
f 125/168/36 126/125/129 192/169/196 123/170/36
f 129/171/36 130/126/197 126/125/129 125/168/36
f 130/126/197 129/171/198 133/172/198 134/130/135
f 191/173/199 192/169/200 126/125/129 127/124/128
f 220/174/201 128/128/202 132/127/203
f 127/124/133 128/128/204 190/175/205 191/173/199
f 137/176/36 138/133/147 134/130/135 133/172/36
f 145/177/36 146/139/206 142/136/207 141/178/36
f 149/179/36 150/142/158 146/139/206 145/177/36
f 141/178/36 142/136/207 138/133/147 137/176/36
f 150/142/158 149/179/36 153/180/36 154/145/34
f 124/181/7 190/175/205 128/128/208 220/174/201
f 218/182/51 220/174/201 132/127/131
f 124/181/7 220/174/201 219/183/50
f 132/127/137 136/131/136 216/184/53 217/185/209
f 136/131/142 140/134/141 214/186/40 215/187/41
f 220/174/201 218/182/51 219/183/50
f 217/185/52 218/182/210 132/127/131
f 136/131/142 215/187/41 216/184/53
f 214/186/40 140/134/141 213/188/38
f 144/137/149 212/189/211 213/188/38
f 211/190/42 212/189/43 144/137/212
f 144/137/149 148/140/213 210/191/47 211/190/42
f 144/137/214 213/188/38 140/134/141
f 148/140/154 152/143/159 208/192/49 209/193/215
f 148/140/213 209/193/215 210/191/47
f 152/143/216 207/194/217 208/192/45
f 207/194/54 156/146/218 206/195/1
f 152/143/219 156/146/32 207/194/54
f 157/196/36 158/148/220 154/145/34 153/180/36
f 161/197/36 162/151/221 158/148/220 157/196/222
f 165/198/222 166/154/223 162/151/221 161/197/36
f 169/199/36 170/157/224 166/154/223 165/198/36
f 170/157/224 169/199/36 173/200/36 174/160/184
f 177/201/225 178/163/226 174/160/227 173/200/225
f 185/202/225 187/203/228 182/166/193 181/204/225
f 181/204/225 182/166/193 178/163/229 177/201/225
f 188/205/230 189/206/231 184/167/194 183/165/195
f 183/165/192 182/166/232 187/203/233 188/205/230
f 160/149/234 204/207/75 205/208/235
f 203/209/76 204/207/75 160/149/234
f 160/149/165 164/152/169 202/210/80 203/209/236
f 160/149/165 205/208/77 156/146/32
f 164/152/169 168/155/180 200/211/58 201/212/60
f 164/152/237 201/212/238 202/210/239
f 168/155/180 199/213/56 200/211/58
f 199/213/240 172/158/241 198/214/57
f 172/158/242 199/213/56 168/155/180
f 172/158/186 176/161/243 196/215/71 197/216/63
f 221/217/244 180/164/190 184/167/245
f 221/217/244 184/167/245 189/206/231
f 176/161/185 180/164/190 194/218/72 195/219/68
f 180/164/190 221/217/244 194/218/72
f 176/161/243 195/219/68 196/215/246
f 221/217/244 193/220/65 194/218/72
f 221/217/244 186/221/73 193/220/65
f 221/217/244 189/206/247 186/221/73
f 198/214/248 172/158/186 197/216/63
f 206/195/1 156/146/218 205/208/235
f 229/222/249 228/223/250 224/224/251 225/225/252
f 230/226/253 229/222/249 225/225/254 226/227/255
f 233/228/256 232/229/257 228/223/250 229/222/249
f 234/230/258 233/228/259 229/222/249 230/226/260
f 243/231/261 222/232/262 239/233/263
f 243/231/264 224/224/265 228/223/266 244/234/10
f 239/233/267 224/224/265 243/231/261
f 224/224/268 239/233/263 238/235/269 225/225/270
f 237/236/271 226/227/255 225/225/254 238/235/269
f 223/237/36 227/238/36 226/227/272 237/236/271
f 227/238/222 231/239/222 230/226/273 226/227/272
f 232/229/274 245/240/275 244/234/5 228/223/266
f 235/241/276 245/240/277 232/229/278
f 232/229/279 240/242/280 235/241/281
f 240/242/280 232/229/257 233/228/282 241/243/283
f 234/230/284 230/226/273 231/239/36
f 236/244/36 242/245/285 234/230/284
f 234/230/286 242/245/287 241/243/283 233/228/259
f 231/239/36 236/244/36 234/230/284
f 252/246/36 256/247/34 246/248/36
f 247/249/288 255/250/37 250/251/37 254/252/32
f 248/253/289 247/249/218 254/252/218 251/254/289
f 255/250/30 256/247/34 253/255/34 250/251/30
f 253/255/34 252/246/36 249/256/36
f 256/247/290 252/246/222 253/255/290
f 262/257/1 260/1/1 259/2/1 258/258/1
f 261/259/1 257/5/1 260/1/1 262/257/1
f 274/260/2 268/261/1 269/262/1
f 266/263/3 273/264/3 274/260/4
f 273/264/5 266/263/5 272/265/6
f 270/266/7 271/267/7 272/265/8
f 274/260/2 269/262/1 265/268/9
f 265/268/9 266/263/10 274/260/4
f 266/263/5 267/269/11 272/265/6
f 264/270/12 270/266/12 267/269/13
f 267/269/11 270/266/7 272/265/8
f 263/271/1 265/268/9 269/262/1
f 278/272/291 277/273/16 283/274/15
f 277/273/16 276/275/18 280/276/17
f 275/277/1 284/278/1 276/275/18
f 276/275/19 284/278/21 280/276/20
f 286/279/22 285/280/22 278/272/14
f 283/274/23 282/281/22 286/279/22
f 277/273/16 279/282/25 283/274/24
f 284/278/1 281/283/1 280/276/20
f 280/276/17 279/282/16 277/273/16
f 278/272/26 283/274/23 286/279/27
f 294/284/292 291/285/293 295/286/294
f 293/287/295 291/285/293 294/284/293
f 292/288/296 293/287/297 289/289/1
f 290/290/298 296/291/299 295/286/300
f 296/291/299 290/290/298 287/292/299
f 293/287/295 292/288/296 291/285/301
f 289/289/1 288/293/1 292/288/296
f 295/286/300 291/285/293 290/290/298
f 303/294/3 317/295/39 316/296/38
f 315/297/40 314/298/41 303/294/5
f 316/296/38 315/297/40 303/294/5
f 318/299/42 317/295/43 303/294/10
f 322/300/44 321/301/45 301/302/1
f 320/303/46 319/304/47 302/305/9
f 302/305/48 319/304/47 318/299/42
f 320/303/46 302/305/9 321/301/49
f 321/301/45 302/305/9 301/302/1
f 306/306/7 311/307/51 310/308/50
f 310/308/50 307/309/12 306/306/12
f 304/310/13 306/306/12 305/311/302
f 304/310/13 311/307/51 306/306/7
f 304/310/11 313/312/53 312/313/52
f 314/298/41 313/312/53 304/310/11
f 303/294/5 314/298/41 304/310/11
f 303/294/10 302/305/48 318/299/42
f 311/307/51 304/310/13 312/313/52
f 301/302/1 323/314/1 322/300/54
f 299/315/55 331/316/57 330/317/56
f 329/318/58 328/319/60 299/315/59
f 330/317/56 329/318/61 299/315/62
f 332/320/63 331/316/57 299/315/55
f 309/321/73 336/322/65 335/323/72
f 335/323/66 334/324/68 298/325/67
f 298/325/69 334/324/68 333/326/70
f 298/325/69 333/326/71 332/320/63
f 308/327/64 336/322/65 309/321/64
f 300/328/74 326/329/76 325/330/75
f 301/302/1 325/330/78 324/331/77
f 323/314/1 301/302/1 324/331/79
f 300/328/74 325/330/78 301/302/1
f 300/328/74 327/332/80 326/329/76
f 332/320/63 299/315/55 298/325/69
f 309/321/73 335/323/72 298/325/67
f 299/315/59 328/319/60 300/328/81
f 309/321/73 298/325/67 297/333/73
f 327/332/80 300/328/74 328/319/60
f 343/13/73 347/334/82 342/335/73
f 345/336/83 346/337/59 340/338/59 341/339/81
f 344/340/1 345/336/84 341/339/74 338/341/1
f 346/337/55 347/334/85 339/342/69 340/338/55
f 339/342/67 343/13/64 337/17/64
f 347/334/82 343/13/73 339/342/67
f 352/343/1 351/344/1 350/345/1 353/346/1
f 349/309/1 353/346/1 350/345/1
f 352/343/1 348/311/1 351/344/1
f 361/347/303 357/348/304 356/349/305 360/350/306
f 362/351/307 358/352/308 357/348/304 361/347/303
f 365/353/309 361/347/310 360/350/306 364/354/311
f 366/355/312 362/351/313 361/347/303 365/353/314
f 373/356/315 354/357/100 374/358/102
f 356/349/316 373/356/315 374/358/102
f 360/350/317 356/349/318 374/358/102 375/359/55
f 375/359/59 376/360/105 364/354/319 360/350/317
f 356/349/305 357/348/320 372/361/321 373/356/315
f 371/362/322 372/361/321 357/348/323 358/352/324
f 355/363/325 371/362/326 358/352/327 359/364/325
f 359/364/299 358/352/327 362/351/328 363/365/299
f 368/366/116 364/354/329 376/360/117
f 365/353/330 364/354/329 377/367/331 378/368/332
f 364/354/319 368/366/333 377/367/334
f 378/368/332 369/369/335 366/355/336 365/353/314
f 363/365/299 362/351/328 366/355/337 367/370/338
f 369/369/339 370/371/299 367/370/299 366/355/337
f 387/372/340 386/373/341 382/374/342 383/375/343
f 388/376/344 387/372/345 383/375/346 384/377/347
f 391/378/348 390/379/349 386/373/341 387/372/350
f 392/380/351 391/378/352 387/372/345 388/376/344
f 395/381/353 394/382/354 390/379/349 391/378/348
f 396/383/355 395/381/356 391/378/352 392/380/357
f 399/384/358 398/385/359 394/382/360 395/381/353
f 400/386/361 399/384/362 395/381/363 396/383/364
f 403/387/365 402/388/366 398/385/367 399/384/358
f 404/389/368 403/387/365 399/384/369 400/386/370
f 407/390/371 406/391/372 402/388/373 403/387/365
f 408/392/374 407/390/375 403/387/365 404/389/376
f 411/393/293 410/394/298 406/391/372 407/390/371
f 412/395/296 411/393/301 407/390/375 408/392/374
f 415/396/377 414/397/378 410/394/298 411/393/293
f 416/398/379 415/396/380 411/393/293 412/395/296
f 419/399/381 418/400/382 414/397/378 415/396/383
f 420/401/384 419/399/385 415/396/380 416/398/379
f 423/402/386 422/403/387 418/400/388 419/399/389
f 424/404/390 423/402/386 419/399/381 420/401/391
f 427/405/392 426/406/393 422/403/394 423/402/386
f 428/407/395 427/405/392 423/402/386 424/404/396
f 431/408/397 430/409/398 426/406/399 427/405/392
f 432/410/400 431/408/401 427/405/402 428/407/395
f 435/411/403 434/412/404 430/409/398 431/408/397
f 436/413/405 435/411/403 431/408/406 432/410/407
f 439/414/408 438/415/409 434/412/410 435/411/411
f 440/416/412 439/414/413 435/411/414 436/413/415
f 381/183/299 379/181/416 448/417/417 382/374/342
f 385/418/299 381/183/299 382/374/342 386/373/418
f 386/373/419 390/379/349 389/184/299 385/418/299
f 447/419/420 383/375/343 382/374/421 448/417/422
f 476/420/423 388/376/424 384/377/425
f 383/375/346 447/419/420 446/421/426 384/377/347
f 393/186/299 389/184/299 390/379/427 394/382/428
f 401/191/338 397/189/299 398/385/429 402/388/430
f 405/192/299 401/191/299 402/388/430 406/391/431
f 397/189/299 393/186/299 394/382/360 398/385/429
f 406/391/431 410/394/298 409/195/299 405/192/299
f 380/422/7 476/420/423 384/377/425 446/421/426
f 474/423/51 388/376/344 476/420/423
f 380/422/7 475/424/50 476/420/423
f 388/376/432 473/425/52 472/426/53 392/380/351
f 392/380/357 471/427/41 470/428/40 396/383/355
f 476/420/423 475/424/50 474/423/51
f 473/425/433 388/376/432 474/423/434
f 392/380/357 472/426/53 471/427/41
f 470/428/40 469/429/38 396/383/435
f 400/386/436 469/429/38 468/430/437
f 467/431/42 400/386/436 468/430/438
f 400/386/370 467/431/42 466/432/47 404/389/368
f 400/386/361 396/383/355 469/429/38
f 404/389/376 465/433/439 464/434/49 408/392/374
f 404/389/376 466/432/440 465/433/46
f 408/392/441 464/434/45 463/435/54
f 463/435/44 462/436/1 412/395/442
f 408/392/374 463/435/44 412/395/296
f 413/207/299 409/195/299 410/394/298 414/397/443
f 417/210/299 413/207/299 414/397/443 418/400/444
f 421/211/299 417/210/299 418/400/444 422/403/445
f 425/214/299 421/211/299 422/403/445 426/406/393
f 426/406/393 430/409/398 429/215/299 425/214/299
f 433/218/299 429/215/299 430/409/398 434/412/446
f 441/221/325 437/220/325 438/415/409 443/437/447
f 437/220/299 433/218/299 434/412/410 438/415/409
f 444/438/448 439/414/413 440/416/449 445/439/450
f 439/414/408 444/438/448 443/437/451 438/415/452
f 416/398/453 461/440/77 460/441/78
f 459/442/76 416/398/453 460/441/75
f 416/398/379 459/442/76 458/443/80 420/401/384
f 416/398/379 412/395/296 461/440/79
f 420/401/391 457/444/60 456/445/58 424/404/396
f 420/401/391 458/443/454 457/444/455
f 424/404/396 456/445/58 455/446/56
f 455/446/456 454/447/57 428/407/395
f 428/407/457 424/404/396 455/446/56
f 428/407/395 453/448/63 452/449/71 432/410/400
f 477/450/458 440/416/459 436/413/415
f 477/450/458 445/439/450 440/416/459
f 432/410/460 451/451/68 450/452/66 436/413/415
f 436/413/415 450/452/72 477/450/458
f 432/410/460 452/449/461 451/451/68
f 477/450/458 450/452/72 449/453/65
f 477/450/458 449/453/65 442/454/73
f 477/450/458 442/454/462 445/439/450
f 454/447/463 453/448/63 428/407/395
f 462/436/1 461/440/464 412/395/442
f 485/455/465 481/456/466 480/457/467 484/458/468
f 486/459/469 482/460/470 481/456/471 485/455/472
f 489/461/473 485/455/472 484/458/468 488/462/474
f 490/463/475 486/459/476 485/455/472 489/461/477
f 499/464/261 495/465/478 478/466/262
f 499/464/264 500/467/10 484/458/479 480/457/480
f 495/465/481 499/464/482 480/457/483
f 480/457/467 481/456/466 494/468/484 495/465/478
f 493/469/485 494/468/484 481/456/471 482/460/486
f 479/470/299 493/469/487 482/460/488 483/471/299
f 483/471/299 482/460/488 486/459/489 487/472/338
f 488/462/490 484/458/479 500/467/5 501/473/275
f 491/474/281 488/462/490 501/473/491
f 488/462/492 491/474/493 496/475/494
f 496/475/495 497/476/496 489/461/497 488/462/498
f 490/463/499 487/472/299 486/459/489
f 492/477/299 490/463/499 498/478/500
f 490/463/501 489/461/502 497/476/496 498/478/503
f 487/472/299 490/463/499 492/477/299
f 510/479/299 502/480/299 512/481/298
f 504/482/296 508/483/504 507/484/301 503/485/301
f 505/486/505 509/487/505 508/483/442 504/482/442
f 503/485/293 507/484/293 511/488/298 512/481/298
f 511/488/298 506/489/299 510/479/299
f 512/481/506 511/488/506 510/479/338
f 522/490/507 523/267/36 524/491/36
f 522/490/507 524/491/36 525/492/36
f 522/490/507 515/493/508 521/494/509
f 520/495/510 519/496/22 513/497/22
f 517/498/511 520/495/512 521/494/509
f 522/490/507 525/492/36 526/499/36
f 515/493/513 526/499/198 527/500/198
f 527/500/36 514/501/36 515/493/513
f 521/494/509 515/493/508 516/502/509
f 517/498/514 518/503/22 519/496/22
f 520/495/510 517/498/514 519/496/22
f 521/494/515 516/502/515 517/498/514
f 515/493/513 522/490/507 526/499/36
f 530/504/299 528/505/299 538/506/516
f 533/507/517 537/508/518 536/509/519
f 535/510/22 536/509/520 529/511/22
f 537/508/518 531/512/521 538/506/516
f 537/508/518 532/513/518 531/512/521
f 537/508/518 533/507/517 532/513/518
f 534/514/22 533/507/522 535/510/22
f 533/507/522 536/509/523 535/510/524
f 530/504/299 538/506/516 531/512/525
f 544/515/526 542/516/526 541/517/526 540/518/526
f 543/519/526 539/520/526 542/516/526 544/515/526
f 553/521/527 547/522/528 548/523/528
f 555/524/529 552/525/529 553/521/530
f 552/525/531 555/524/531 551/526/532
f 549/8/533 550/527/533 551/526/534
f 553/521/527 548/523/526 554/528/535
f 554/528/536 555/524/529 553/521/530
f 555/524/531 556/529/537 551/526/532
f 546/18/538 549/8/538 556/529/537
f 556/529/539 549/8/538 551/526/534
f 545/530/526 554/528/535 548/523/526
f 565/531/540 564/532/541 562/533/542
f 564/532/541 563/534/543 559/535/544
f 557/280/526 566/279/526 563/534/543
f 563/534/545 566/279/528 559/535/546
f 568/536/22 567/537/22 565/531/547
f 562/533/548 561/538/22 568/536/22
f 564/532/541 558/539/549 562/533/550
f 566/279/526 560/281/526 559/535/546
f 559/535/544 558/539/541 564/532/541
f 565/531/551 562/533/548 568/536/552
f 576/540/553 573/541/554 577/542/555
f 575/543/556 573/541/557 576/540/557
f 574/544/558 575/543/559 571/545/560
f 572/546/561 578/547/36 577/542/555
f 578/547/36 572/546/562 569/548/36
f 575/543/556 574/544/563 573/541/557
f 571/545/526 570/549/526 574/544/563
f 577/542/564 573/541/557 572/546/562
f 592/550/565 591/551/566 617/552/567
f 590/553/568 589/554/569 617/552/531
f 591/551/566 590/553/568 617/552/531
f 593/555/570 592/550/571 617/552/529
f 615/556/526 596/557/572 616/558/535
f 595/559/573 594/560/574 616/558/535
f 594/560/574 593/555/570 616/558/535
f 597/561/575 596/557/572 615/556/526
f 596/557/576 595/559/573 616/558/535
f 580/562/538 586/563/577 585/564/578
f 585/564/578 581/565/533 580/562/533
f 618/566/539 580/562/533 579/567/579
f 618/566/539 586/563/577 580/562/538
f 618/566/537 588/568/580 587/569/581
f 589/554/569 588/568/580 618/566/537
f 617/552/531 589/554/569 618/566/537
f 617/552/529 616/558/536 593/555/570
f 586/563/582 618/566/539 587/569/581
f 615/556/526 598/570/526 597/561/583
f 613/571/584 606/572/585 605/573/586
f 604/574/587 603/575/588 613/571/589
f 605/573/586 604/574/590 613/571/591
f 613/571/584 607/576/592 606/572/585
f 583/577/593 611/578/594 610/579/595
f 609/580/596 608/581/597 612/582/598
f 612/582/598 608/581/599 607/576/592
f 583/577/600 582/583/600 611/578/594
f 609/580/596 612/582/601 610/579/602
f 614/584/603 601/585/604 600/586/605
f 615/556/526 600/586/606 599/587/607
f 598/570/526 615/556/526 599/587/608
f 614/584/603 600/586/606 615/556/526
f 614/584/603 602/588/609 601/585/604
f 607/576/592 613/571/584 612/582/598
f 583/577/593 610/579/595 612/582/601
f 613/571/589 603/575/588 614/584/610
f 583/577/600 612/582/601 584/589/600
f 602/588/609 614/584/603 603/575/588
f 622/25/593 626/590/611 621/24/593
f 624/591/612 625/592/589 628/593/589 629/594/610
f 623/170/526 624/591/613 629/594/603 620/595/526
f 625/592/584 626/590/614 627/596/615 628/593/584
f 627/596/598 622/25/593 619/30/593
f 626/590/611 622/25/593 627/596/601
f 634/277/526 633/597/526 632/598/526 635/283/526
f 631/93/526 635/283/526 632/598/526
f 634/277/526 630/92/526 633/597/526
f 643/599/616 639/600/617 638/601/618 642/602/619
f 644/603/620 640/604/621 639/600/622 643/599/616
f 647/605/623 643/599/616 642/602/619 646/606/624
f 648/607/625 644/603/620 643/599/616 647/605/626
f 655/608/627 636/609/628 656/610/629
f 638/601/630 655/608/627 656/610/629
f 642/602/631 638/601/632 656/610/633 657/611/584
f 657/611/589 658/612/634 646/606/635 642/602/631
f 638/601/636 639/600/637 654/613/638 655/608/627
f 653/614/639 654/613/638 639/600/640 640/604/641
f 637/615/36 653/614/642 640/604/643 641/616/36
f 641/616/36 640/604/643 644/603/644 645/617/36
f 650/618/645 646/606/646 658/612/647
f 647/605/623 646/606/648 659/619/649 660/620/650
f 646/606/635 650/618/645 659/619/649
f 660/620/650 651/621/651 648/607/652 647/605/626
f 645/617/36 644/603/644 648/607/625 649/622/36
f 651/621/651 652/623/36 649/622/36 648/607/625
f 669/624/653 668/625/654 664/626/655 665/627/656
f 670/628/657 669/624/653 665/627/658 666/629/659
f 673/630/660 672/631/661 668/625/654 669/624/662
f 674/632/663 673/630/664 669/624/653 670/628/665
f 677/633/666 676/634/667 672/631/661 673/630/668
f 678/635/669 677/633/666 673/630/664 674/632/670
f 681/636/671 680/637/672 676/634/673 677/633/674
f 682/638/675 681/636/671 677/633/666 678/635/676
f 685/639/677 684/640/678 680/637/679 681/636/671
f 686/641/680 685/639/681 681/636/682 682/638/675
f 689/642/683 688/643/684 684/640/678 685/639/677
f 690/644/685 689/642/686 685/639/677 686/641/687
f 693/645/557 692/646/562 688/643/684 689/642/683
f 694/647/563 693/645/557 689/642/686 690/644/688
f 697/648/689 696/649/690 692/646/562 693/645/557
f 698/650/691 697/648/692 693/645/557 694/647/563
f 701/651/693 700/652/694 696/649/690 697/648/689
f 702/653/695 701/651/693 697/648/692 698/650/691
f 705/654/696 704/655/697 700/652/698 701/651/693
f 706/656/699 705/654/696 701/651/693 702/653/700
f 709/657/701 708/658/702 704/655/703 705/654/696
f 710/659/704 709/657/701 705/654/696 706/656/705
f 713/660/706 712/661/707 708/658/702 709/657/708
f 714/662/709 713/660/710 709/657/701 710/659/711
f 717/663/712 716/664/713 712/661/707 713/660/706
f 718/665/714 717/663/712 713/660/710 714/662/709
f 721/666/715 720/667/716 716/664/713 717/663/717
f 722/668/718 721/666/719 717/663/712 718/665/720
f 663/424/36 661/422/36 730/669/721 664/626/722
f 667/670/36 663/424/36 664/626/722 668/625/723
f 668/625/724 672/631/661 671/426/36 667/670/36
f 729/671/725 665/627/656 664/626/722 730/669/726
f 758/672/727 670/628/728 666/629/729
f 665/627/658 729/671/725 728/673/730 666/629/731
f 675/428/36 671/426/198 672/631/661 676/634/732
f 683/432/733 679/430/36 680/637/734 684/640/735
f 687/434/36 683/432/36 684/640/735 688/643/736
f 679/430/36 675/428/36 676/634/673 680/637/734
f 688/643/736 692/646/562 691/436/36 687/434/36
f 662/674/538 758/672/727 666/629/729 728/673/737
f 756/675/577 670/628/738 758/672/727
f 662/674/538 757/676/578 758/672/727
f 670/628/665 755/677/581 754/678/580 674/632/663
f 674/632/670 753/679/569 752/680/568 678/635/669
f 758/672/727 757/676/578 756/675/577
f 755/677/581 670/628/665 756/675/582
f 674/632/670 754/678/580 753/679/569
f 752/680/739 751/681/740 678/635/741
f 682/638/675 751/681/566 750/682/571
f 749/683/570 682/638/675 750/682/571
f 682/638/742 749/683/570 748/684/743 686/641/680
f 682/638/675 678/635/744 751/681/566
f 686/641/687 747/685/745 746/686/576 690/644/685
f 686/641/687 748/684/574 747/685/573
f 690/644/746 746/686/576 745/687/747
f 745/687/583 744/688/526 694/647/563
f 690/644/685 745/687/583 694/647/563
f 695/441/36 691/436/36 692/646/562 696/649/748
f 699/443/36 695/441/36 696/649/748 700/652/749
f 703/445/733 699/443/36 700/652/749 704/655/750
f 707/447/36 703/445/36 704/655/750 708/658/751
f 708/658/751 712/661/707 711/449/36 707/447/225
f 715/452/36 711/449/36 712/661/707 716/664/752
f 723/454/36 719/453/36 720/667/716 725/689/753
f 719/453/36 715/452/36 716/664/754 720/667/716
f 726/690/755 721/666/719 722/668/718 727/691/756
f 721/666/715 726/690/755 725/689/757 720/667/716
f 698/650/691 743/692/608 742/693/606
f 741/694/758 698/650/691 742/693/606
f 698/650/691 741/694/604 740/695/609 702/653/695
f 698/650/691 694/647/563 743/692/608
f 702/653/759 739/696/588 738/697/587 706/656/705
f 702/653/759 740/695/760 739/696/588
f 706/656/761 738/697/762 737/698/763
f 737/698/586 736/699/585 710/659/711
f 710/659/704 706/656/705 737/698/586
f 710/659/711 735/700/764 734/701/599 714/662/765
f 759/702/766 722/668/767 718/665/720
f 759/702/766 727/691/768 722/668/767
f 714/662/709 733/703/596 732/704/602 718/665/720
f 718/665/769 732/704/595 759/702/766
f 714/662/770 734/701/599 733/703/596
f 759/702/766 732/704/595 731/705/594
f 759/702/766 731/705/594 724/706/593
f 759/702/766 724/706/771 727/691/768
f 736/699/772 735/700/592 710/659/711
f 744/688/526 743/692/773 694/647/558
f 767/707/774 763/708/775 762/709/776 766/710/777
f 768/711/778 764/712/779 763/708/780 767/707/774
f 771/713/781 767/707/774 766/710/777 770/714/782
f 772/715/783 768/711/784 767/707/774 771/713/785
f 781/716/786 777/717/787 760/718/788
f 781/716/789 782/719/529 766/710/790 762/709/776
f 777/717/791 781/716/792 762/709/776
f 762/709/793 763/708/794 776/720/795 777/717/796
f 775/721/797 776/720/795 763/708/780 764/712/798
f 761/722/36 775/721/797 764/712/779 765/723/36
f 765/723/36 764/712/779 768/711/799 769/724/733
f 770/714/800 766/710/777 782/719/531 783/725/801
f 773/726/802 770/714/800 783/725/803
f 770/714/800 773/726/802 778/727/804
f 778/727/805 779/728/806 771/713/807 770/714/808
f 772/715/809 769/724/36 768/711/799
f 774/729/36 772/715/809 780/730/810
f 772/715/811 771/713/812 779/728/806 780/730/810
f 769/724/36 772/715/809 774/729/36
f 791/731/36 784/732/36 794/733/562
f 786/734/563 793/735/563 789/736/557 785/737/557
f 787/738/526 790/739/526 793/735/563 786/734/563
f 785/737/557 789/736/557 792/740/562 794/733/562
f 792/740/562 788/741/36 791/731/36
f 794/733/562 792/740/562 791/731/36
f 800/4/526 796/3/526 797/518/526 798/515/526
f 799/6/526 800/4/526 798/515/526 795/519/526
f 812/742/527 807/743/528 806/744/528
f 804/745/529 812/742/530 811/746/529
f 811/746/531 810/747/532 804/745/531
f 808/262/533 810/747/534 809/261/533
f 812/742/527 803/748/535 807/743/526
f 803/748/536 812/742/530 804/745/529
f 804/745/531 810/747/532 805/749/537
f 802/271/538 805/749/537 808/262/538
f 805/749/539 810/747/534 808/262/538
f 801/750/526 807/743/526 803/748/535
f 816/751/547 821/752/542 815/753/541
f 815/753/541 818/754/544 814/755/543
f 813/537/526 814/755/543 822/536/526
f 814/755/545 818/754/546 822/536/528
f 824/756/22 816/751/547 823/88/22
f 821/752/548 824/756/22 820/89/22
f 815/753/541 821/752/550 817/757/549
f 822/536/526 818/754/546 819/538/526
f 818/754/544 815/753/541 817/757/541
f 816/751/551 824/756/552 821/752/548
f 832/758/813 833/759/814 829/760/815
f 831/761/816 832/758/817 829/760/817
f 830/762/818 827/763/819 831/761/820
f 828/764/821 833/759/814 834/765/299
f 834/765/299 825/766/299 828/764/822
f 831/761/816 829/760/817 830/762/823
f 827/763/526 830/762/823 826/767/526
f 833/759/824 828/764/822 829/760/817
f 855/768/565 841/769/567 854/770/566
f 853/771/568 841/769/531 852/772/569
f 854/770/566 841/769/531 853/771/568
f 856/773/570 841/769/529 855/768/571
f 839/774/526 840/775/535 859/776/572
f 858/777/573 840/775/535 857/778/574
f 859/776/576 840/775/535 858/777/573
f 860/779/575 839/774/526 859/776/572
f 856/773/570 857/778/574 840/775/535
f 844/780/538 848/781/578 849/782/577
f 848/781/578 844/780/533 845/783/533
f 842/784/539 843/785/533 844/780/533
f 842/784/539 844/780/538 849/782/577
f 842/784/537 850/786/581 851/787/580
f 852/772/569 842/784/537 851/787/580
f 841/769/531 842/784/537 852/772/569
f 841/769/529 856/773/570 840/775/536
f 849/782/582 850/786/581 842/784/539
f 839/774/526 860/779/583 861/788/526
f 837/789/584 868/790/586 869/791/585
f 867/792/587 837/789/589 866/793/588
f 868/790/586 837/789/591 867/792/590
f 837/789/584 869/791/585 870/794/592
f 847/795/593 873/796/595 874/797/594
f 872/798/596 836/799/598 871/800/597
f 836/799/598 870/794/592 871/800/599
f 847/795/600 874/797/594 846/801/600
f 873/796/602 836/799/601 872/798/596
f 838/802/603 863/803/605 864/804/604
f 839/774/526 862/805/607 863/803/606
f 861/788/526 862/805/608 839/774/526
f 838/802/603 839/774/526 863/803/606
f 838/802/603 864/804/604 865/806/609
f 870/794/592 836/799/598 837/789/584
f 847/795/593 836/799/601 873/796/595
f 837/789/589 838/802/610 866/793/588
f 847/795/600 835/807/825 836/799/601
f 865/806/609 866/793/588 838/802/603
f 881/808/593 880/340/593 885/809/611
f 883/810/612 879/811/610 878/812/589 884/813/589
f 882/82/526 876/91/526 879/811/603 883/810/613
f 884/813/584 878/812/584 877/814/598 885/809/614
f 877/814/598 875/341/593 881/808/593
f 885/809/611 877/814/601 881/808/593
f 890/97/526 891/96/526 888/815/526 889/816/526
f 887/346/526 888/815/526 891/96/526
f 890/97/526 889/816/526 886/343/526
f 899/817/826 898/818/827 894/819/828 895/820/829
f 900/821/830 899/817/826 895/820/831 896/822/832
f 903/823/833 902/824/834 898/818/827 899/817/835
f 904/825/836 903/823/837 899/817/826 900/821/838
f 911/826/839 912/827/629 892/828/628
f 894/819/840 912/827/633 911/826/839
f 898/818/841 913/829/584 912/827/842 894/819/840
f 913/829/843 898/818/841 902/824/844 914/830/845
f 894/819/846 911/826/839 910/831/847 895/820/848
f 909/832/849 896/822/850 895/820/848 910/831/847
f 893/833/299 897/834/299 896/822/851 909/832/849
f 897/834/299 901/835/299 900/821/852 896/822/851
f 906/836/645 914/830/853 902/824/844
f 903/823/854 916/837/855 915/838/856 902/824/857
f 902/824/858 915/838/856 906/836/645
f 916/837/855 903/823/859 904/825/860 907/839/861
f 901/835/299 905/840/299 904/825/836 900/821/852
f 907/839/861 904/825/836 905/840/299 908/841/299
f 925/842/862 921/843/863 920/844/864 924/845/865
f 926/846/866 922/847/867 921/843/868 925/842/862
f 929/848/869 925/842/870 924/845/865 928/849/871
f 930/850/872 926/846/873 925/842/862 929/848/874
f 933/851/875 929/848/876 928/849/871 932/852/877
f 934/853/878 930/850/879 929/848/874 933/851/880
f 937/854/881 933/851/875 932/852/882 936/855/883
f 938/856/884 934/853/885 933/851/875 937/854/881
f 941/857/886 937/854/881 936/855/887 940/858/888
f 942/859/889 938/856/890 937/854/881 941/857/886
f 945/860/891 941/857/886 940/858/892 944/861/893
f 946/862/894 942/859/895 941/857/886 945/860/896
f 949/863/817 945/860/891 944/861/897 948/864/822
f 950/865/898 946/862/899 945/860/896 949/863/817
f 953/866/900 949/863/817 948/864/822 952/867/901
f 954/868/902 950/865/823 949/863/817 953/866/903
f 957/869/904 953/866/900 952/867/901 956/870/905
f 958/871/906 954/868/907 953/866/903 957/869/904
f 961/872/908 957/869/904 956/870/909 960/873/910
f 962/874/911 958/871/912 957/869/904 961/872/908
f 965/875/913 961/872/908 960/873/914 964/876/915
f 966/877/916 962/874/917 961/872/908 965/875/918
f 969/878/919 965/875/918 964/876/915 968/879/920
f 970/880/921 966/877/922 965/875/918 969/878/923
f 973/881/924 969/878/919 968/879/920 972/882/925
f 974/883/926 970/880/927 969/878/928 973/881/929
f 977/884/930 973/881/929 972/882/925 976/885/931
f 978/886/932 974/883/933 973/881/929 977/884/934
f 919/676/299 920/844/864 986/887/935 917/674/299
f 923/888/299 924/845/936 920/844/864 919/676/299
f 924/845/937 923/888/299 927/678/299 928/849/871
f 985/889/938 986/887/939 920/844/940 921/843/863
f 1014/890/941 922/847/942 926/846/943
f 921/843/868 922/847/867 984/891/944 985/889/938
f 931/680/299 932/852/945 928/849/871 927/678/299
f 939/684/299 940/858/946 936/855/947 935/682/948
f 943/686/299 944/861/893 940/858/946 939/684/299
f 935/682/299 936/855/947 932/852/877 931/680/299
f 944/861/893 943/686/299 947/688/299 948/864/822
f 918/744/538 984/891/944 922/847/949 1014/890/941
f 1012/892/950 1014/890/941 926/846/943
f 918/744/538 1014/890/941 1013/893/578
f 926/846/873 930/850/879 1010/894/580 1011/895/581
f 930/850/872 934/853/878 1008/896/568 1009/897/569
f 1014/890/941 1012/892/577 1013/893/578
f 1011/895/581 1012/892/582 926/846/951
f 930/850/952 1009/897/569 1010/894/580
f 1008/896/568 934/853/878 1007/898/566
f 938/856/884 1006/899/571 1007/898/566
f 1005/900/570 1006/899/571 938/856/884
f 938/856/884 942/859/889 1004/901/953 1005/900/570
f 938/856/884 1007/898/566 934/853/954
f 942/859/895 946/862/894 1002/902/576 1003/903/573
f 942/859/895 1003/903/955 1004/901/574
f 946/862/956 1001/904/957 1002/902/572
f 1001/904/583 950/865/823 1000/905/819
f 946/862/894 950/865/823 1001/904/583
f 951/693/299 952/867/958 948/864/822 947/688/299
f 955/695/299 956/870/959 952/867/958 951/693/299
f 959/697/299 960/873/960 956/870/959 955/695/948
f 963/699/299 964/876/961 960/873/960 959/697/299
f 964/876/915 963/699/299 967/701/299 968/879/920
f 971/704/325 972/882/962 968/879/920 967/701/325
f 979/706/299 981/906/963 976/885/931 975/705/299
f 975/705/299 976/885/931 972/882/962 971/704/299
f 982/907/964 983/908/965 978/886/932 977/884/934
f 977/884/930 976/885/966 981/906/967 982/907/964
f 954/868/907 998/909/968 999/910/608
f 997/911/969 998/909/605 954/868/970
f 954/868/907 958/871/906 996/912/609 997/911/604
f 954/868/907 999/910/607 950/865/823
f 958/871/971 962/874/917 994/913/587 995/914/588
f 958/871/971 995/914/972 996/912/609
f 962/874/917 993/915/586 994/913/587
f 993/915/586 966/877/973 992/916/585
f 966/877/922 993/915/586 962/874/974
f 966/877/922 970/880/921 990/917/599 991/918/592
f 1015/919/975 974/883/926 978/886/976
f 1015/919/975 978/886/976 983/908/965
f 970/880/927 974/883/926 988/920/595 989/921/977
f 974/883/978 1015/919/975 988/920/595
f 970/880/979 989/921/596 990/917/597
f 1015/919/975 987/922/594 988/920/595
f 1015/919/975 980/923/593 987/922/594
f 1015/919/975 983/908/965 980/923/593
f 992/916/585 966/877/980 991/918/592
f 1000/905/526 950/865/818 999/910/981
f 1023/924/982 1022/925/983 1018/926/984 1019/927/985
f 1024/928/986 1023/924/987 1019/927/988 1020/929/989
f 1027/930/990 1026/931/991 1022/925/983 1023/924/987
f 1028/932/992 1027/930/993 1023/924/987 1024/928/986
f 1037/933/786 1016/934/994 1033/935/995
f 1037/933/996 1018/926/997 1022/925/998 1038/936/529
f 1033/935/999 1018/926/997 1037/933/786
f 1018/926/1000 1033/935/999 1032/937/1001 1019/927/1002
f 1031/938/1003 1020/929/989 1019/927/988 1032/937/1001
f 1017/939/299 1021/940/299 1020/929/1004 1031/938/1003
f 1021/940/299 1025/941/299 1024/928/1005 1020/929/1004
f 1026/931/1006 1039/942/1007 1038/936/1008 1022/925/983
f 1029/943/1009 1039/942/1010 1026/931/1011
f 1026/931/1011 1034/944/1012 1029/943/1009
f 1034/944/1013 1026/931/1014 1027/930/1015 1035/945/1016
f 1028/932/1017 1024/928/1005 1025/941/299
f 1030/946/299 1036/947/1018 1028/932/1017
f 1028/932/1019 1036/947/1018 1035/945/1016 1027/930/993
f 1025/941/299 1030/946/299 1028/932/1017
f 1047/948/299 1050/949/822 1040/950/299
f 1042/951/823 1041/952/817 1045/953/817 1049/954/823
f 1043/955/526 1042/951/823 1049/954/823 1046/956/526
f 1041/952/817 1050/949/822 1048/957/822 1045/953/817
f 1048/957/822 1047/948/299 1044/958/299
f 1050/949/822 1047/948/299 1048/957/822
f 1054/959/507 1062/960/36 1061/497/36
f 1054/959/507 1063/961/36 1062/960/36
f 1054/959/1020 1053/962/509 1056/963/508
f 1052/964/1021 1051/965/1022 1060/966/1022
f 1058/967/511 1053/962/1023 1052/964/512
f 1054/959/1024 1064/968/198 1063/961/198
f 1056/963/513 1065/969/198 1064/968/198
f 1065/969/36 1056/963/513 1055/503/36
f 1053/962/509 1057/970/509 1056/963/1025
f 1058/967/514 1060/966/22 1059/971/22
f 1052/964/510 1060/966/22 1058/967/514
f 1053/962/515 1058/967/514 1057/970/515
f 1056/963/513 1064/968/36 1054/959/507
f 1071/514/299 1070/972/516 1066/511/299
f 1074/973/517 1067/974/519 1069/975/518
f 1076/976/524 1068/977/524 1067/974/523
f 1069/975/518 1070/972/516 1072/978/521
f 1069/975/518 1072/978/521 1073/979/518
f 1069/975/518 1073/979/518 1074/973/517
f 1075/980/22 1076/976/22 1074/973/522
f 1074/973/522 1076/976/524 1067/974/523
f 1071/514/299 1072/978/525 1070/972/516
f 1087/981/22 1089/982/22 1086/983/22
f 1089/982/22 1087/981/22 1077/984/22
f 1088/985/22 1089/982/22 1077/984/22
f 1084/986/22 1090/987/22 1092/988/22
f 1092/988/22 1090/987/22 1091/989/22
f 1088/985/22 1084/986/22 1092/988/22
f 1081/990/22 1088/985/22 1077/984/22
f 1080/991/22 1078/992/22 1079/993/22
f 1080/991/22 1081/990/22 1077/984/22
f 1088/985/22 1081/990/22 1084/986/22
f 1085/994/22 1083/995/22 1084/986/22
f 1083/995/22 1085/994/22 1082/996/22
f 1085/994/22 1084/986/22 1081/990/22
f 1080/991/22 1077/984/22 1078/992/22
f 1097/997/1026 1094/998/1026 1093/999/1026 1096/1000/1026
f 1098/1001/1026 1095/1002/1026 1094/998/1026 1097/997/1026
f 1100/1003/1026 1097/997/1026 1096/1000/1026 1099/1004/1026
f 1101/1005/1026 1098/1001/1026 1097/997/1026 1100/1003/1026
f 1129/1006/1026 1127/1007/1026 1128/1008/1026
f 1130/1009/1026 1127/1007/1026 1129/1006/1026
f 1127/1007/1026 1131/1010/1026 1126/1011/1026
f 1120/1012/1026 1125/1013/1026 1094/998/1026
f 1093/999/1026 1125/1013/1026 1126/1011/1026
f 1127/1007/1026 1130/1009/1026 1131/1010/1026
f 1126/1011/1026 1132/1014/1026 1093/999/1026
f 1093/999/1026 1132/1014/1026 1133/1015/1026
f 1135/1016/1026 1093/999/1026 1134/1017/1026
f 1133/1015/1026 1134/1017/1026 1093/999/1026
f 1093/999/1026 1135/1016/1026 1096/1000/1026
f 1136/1018/1026 1096/1000/1026 1135/1016/1026
f 1093/999/1026 1094/998/1026 1125/1013/1026
f 1131/1010/1026 1132/1014/1026 1126/1011/1026
f 1149/1019/1026 1121/1020/1026 1118/1021/1026
f 1121/1020/1026 1117/1022/1026 1118/1021/1026
f 1123/1023/1026 1124/1024/1026 1117/1022/1026
f 1122/1025/1026 1123/1023/1026 1117/1022/1026
f 1122/1025/1026 1117/1022/1026 1121/1020/1026
f 1095/1002/1026 1118/1021/1026 1119/1026/1026
f 1095/1002/1026 1098/1001/1026 1146/1027/1026 1147/1028/1026
f 1118/1021/1026 1095/1002/1026 1149/1019/1026
f 1095/1002/1026 1148/1029/1026 1149/1019/1026
f 1147/1028/1026 1148/1029/1026 1095/1002/1026
f 1146/1027/1026 1098/1001/1026 1145/1030/1026
f 1094/998/1026 1095/1002/1026 1119/1026/1026 1120/1012/1026
f 1099/1004/1026 1096/1000/1026 1137/1031/1026 1138/1032/1026
f 1140/1033/1026 1099/1004/1026 1139/1034/1026
f 1138/1032/1026 1139/1034/1026 1099/1004/1026
f 1111/1035/1026 1099/1004/1026 1140/1033/1026
f 1113/1036/1026 1111/1035/1026 1140/1033/1026
f 1115/1037/1026 1110/1038/1026 1114/1039/1026
f 1116/1040/1026 1110/1038/1026 1115/1037/1026
f 1110/1038/1026 1111/1035/1026 1113/1036/1026
f 1100/1003/1026 1099/1004/1026 1112/1041/1026 1102/1042/1026
f 1111/1035/1026 1112/1041/1026 1099/1004/1026
f 1113/1036/1026 1114/1039/1026 1110/1038/1026
f 1098/1001/1026 1101/1005/1026 1143/1043/1026 1144/1044/1026
f 1104/1045/1026 1141/1046/1026 1101/1005/1026
f 1145/1030/1026 1098/1001/1026 1144/1044/1026
f 1101/1005/1026 1141/1046/1026 1142/1047/1026
f 1142/1047/1026 1143/1043/1026 1101/1005/1026
f 1101/1005/1026 1100/1003/1026 1102/1042/1026 1103/1048/1026
f 1141/1046/1026 1104/1045/1026 1109/1049/1026
f 1109/1049/1026 1104/1045/1026 1105/1050/1026
f 1108/1051/1026 1109/1049/1026 1105/1050/1026
f 1105/1050/1026 1107/1052/1026 1108/1051/1026
f 1105/1050/1026 1106/1053/1026 1107/1052/1026
f 1103/1048/1026 1104/1045/1026 1101/1005/1026
f 1096/1000/1026 1136/1018/1026 1137/1031/1026
f 1158/1054/299 1157/1055/299 1150/1056/299 1151/1057/299
f 1159/1058/299 1158/1054/299 1151/1057/299 1152/1059/299
f 1160/1060/299 1159/1058/299 1152/1059/299 1153/1061/299
f 1161/1062/299 1160/1060/299 1153/1061/299 1154/1063/299
f 1162/1064/299 1161/1062/299 1154/1063/299 1155/1065/299
f 1163/1066/299 1162/1064/299 1155/1065/299 1156/1067/299
f 1165/1068/299 1164/1069/299 1157/1055/299 1158/1054/299
f 1166/1070/299 1165/1068/299 1158/1054/299 1159/1058/299
f 1167/1071/299 1166/1070/299 1159/1058/299 1160/1060/299
f 1168/1072/299 1167/1071/299 1160/1060/299 1161/1062/299
f 1169/1073/299 1168/1072/299 1161/1062/299 1162/1064/299
f 1170/1074/299 1169/1073/299 1162/1064/299 1163/1066/299
f 1172/1075/299 1171/1076/299 1164/1069/299 1165/1068/299
f 1173/1077/299 1172/1075/299 1165/1068/299 1166/1070/299
f 1174/1078/299 1173/1077/299 1166/1070/299 1167/1071/299
f 1175/1079/299 1174/1078/299 1167/1071/299 1168/1072/299
f 1176/1080/299 1175/1079/299 1168/1072/299 1169/1073/299
f 1177/1081/299 1176/1080/299 1169/1073/299 1170/1074/299
f 1179/1082/299 1178/1083/299 1171/1076/299 1172/1075/299
f 1180/1084/299 1179/1082/299 1172/1075/299 1173/1077/299
f 1181/1085/299 1180/1084/299 1173/1077/299 1174/1078/299
f 1182/1086/299 1181/1085/299 1174/1078/299 1175/1079/299
f 1183/1087/299 1182/1086/299 1175/1079/299 1176/1080/299
f 1184/1088/299 1183/1087/299 1176/1080/299 1177/1081/299
f 1186/1089/299 1185/1090/299 1178/1083/299 1179/1082/299
f 1187/1091/299 1186/1089/299 1179/1082/299 1180/1084/299
f 1188/1092/299 1187/1091/299 1180/1084/299 1181/1085/299
f 1189/1093/299 1188/1092/299 1181/1085/299 1182/1086/299
f 1190/1094/299 1189/1093/299 1182/1086/299 1183/1087/299
f 1191/1095/299 1190/1094/299 1183/1087/299 1184/1088/299
f 1193/1096/299 1192/1097/299 1185/1090/299 1186/1089/299
f 1194/1098/299 1193/1096/299 1186/1089/299 1187/1091/299
f 1195/1099/299 1194/1098/299 1187/1091/299 1188/1092/299
f 1196/1100/299 1195/1099/299 1188/1092/299 1189/1093/299
f 1197/1101/299 1196/1100/299 1189/1093/299 1190/1094/299
f 1198/1102/299 1197/1101/299 1190/1094/299 1191/1095/299
f 1249/1103/325 1150/1056/325 1231/1104/325
f 1150/1056/299 1228/1105/299 1234/1106/299
f 1150/1056/299 1234/1106/299 1233/1107/299
f 1150/1056/299 1233/1107/299 1232/1108/299
f 1247/1109/299 1246/1110/299 1151/1057/299
f 1248/1111/299 1247/1109/299 1151/1057/299
f 1231/1104/416 1250/1112/416 1249/1103/416
f 1248/1111/299 1150/1056/299 1249/1103/299
f 1246/1110/299 1245/1113/299 1152/1059/299
f 1231/1104/1027 1150/1056/1027 1232/1108/1027
f 1229/1114/299 1254/1115/299 1230/1116/299
f 1157/1055/299 1256/1117/299 1255/1118/299
f 1164/1069/299 1257/1119/299 1256/1117/299
f 1254/1115/299 1150/1056/299 1157/1055/299 1255/1118/299
f 1248/1111/299 1151/1057/299 1150/1056/299
f 1150/1056/299 1254/1115/299 1229/1114/299
f 1229/1114/299 1228/1105/299 1150/1056/299
f 1164/1069/299 1256/1117/299 1157/1055/299
f 1171/1076/299 1258/1120/299 1257/1119/299 1164/1069/299
f 1151/1057/299 1246/1110/299 1152/1059/299
f 1154/1063/299 1242/1121/299 1241/1122/299
f 1156/1067/299 1240/1123/299 1239/1124/299
f 1155/1065/299 1241/1122/299 1240/1123/299
f 1243/1125/299 1242/1121/299 1154/1063/299
f 1235/1126/299 1156/1067/299 1237/1127/299
f 1237/1127/299 1156/1067/299 1238/1128/299
f 1237/1127/416 1236/1129/416 1235/1126/416
f 1235/1126/299 1252/1130/299 1156/1067/299
f 1239/1124/299 1238/1128/299 1156/1067/299
f 1153/1061/299 1244/1131/299 1243/1125/299
f 1153/1061/299 1243/1125/299 1154/1063/299
f 1155/1065/299 1240/1123/299 1156/1067/299
f 1252/1130/299 1251/1132/299 1156/1067/299
f 1154/1063/299 1241/1122/299 1155/1065/299
f 1227/1133/299 1156/1067/299 1251/1132/299
f 1163/1066/299 1227/1133/299 1226/1134/299
f 1253/1135/299 1170/1074/299 1163/1066/299 1226/1134/299
f 1227/1133/299 1163/1066/299 1156/1067/299
f 1177/1081/299 1170/1074/299 1253/1135/299
f 1152/1059/299 1244/1131/299 1153/1061/299
f 1152/1059/299 1245/1113/299 1244/1131/299
f 1178/1083/299 1259/1136/299 1258/1120/299 1171/1076/299
f 1185/1090/299 1261/1137/299 1260/1138/299
f 1261/1137/299 1185/1090/299 1192/1097/299 1262/1139/299
f 1178/1083/299 1260/1138/299 1259/1136/299
f 1185/1090/299 1260/1138/299 1178/1083/299
f 1210/1140/299 1192/1097/299 1193/1096/299
f 1202/1141/299 1262/1139/299 1192/1097/299
f 1202/1141/299 1192/1097/299 1203/1142/299
f 1201/1143/299 1262/1139/299 1202/1141/299
f 1192/1097/299 1204/1144/299 1203/1142/299
f 1209/1145/416 1207/1146/416 1192/1097/416
f 1192/1097/299 1206/1147/299 1205/1148/299
f 1192/1097/299 1205/1148/299 1204/1144/299
f 1209/1145/299 1192/1097/299 1210/1140/299
f 1210/1140/299 1193/1096/299 1211/1149/299
f 1212/1150/299 1193/1096/299 1194/1098/299
f 1193/1096/299 1212/1150/299 1211/1149/299
f 1208/1151/299 1207/1146/299 1209/1145/299
f 1192/1097/299 1207/1146/299 1206/1147/299
f 1212/1150/299 1194/1098/299 1213/1152/299
f 1184/1088/299 1177/1081/299 1253/1135/299
f 1196/1100/299 1197/1101/299 1217/1153/299
f 1197/1101/299 1198/1102/299 1218/1154/299
f 1215/1155/299 1195/1099/299 1196/1100/299
f 1200/1156/299 1191/1095/299 1184/1088/299 1253/1135/299
f 1198/1102/299 1191/1095/299 1199/1157/299
f 1191/1095/299 1200/1156/299 1199/1157/299
f 1198/1102/299 1199/1157/299 1225/1158/299
f 1224/1159/299 1198/1102/299 1225/1158/299
f 1214/1160/299 1194/1098/299 1195/1099/299
f 1217/1153/299 1197/1101/299 1218/1154/299
f 1196/1100/299 1217/1153/299 1216/1161/299
f 1215/1155/299 1196/1100/299 1216/1161/299
f 1219/1162/299 1218/1154/299 1198/1102/299
f 1223/1163/299 1198/1102/299 1224/1159/299
f 1221/1164/299 1223/1163/299 1222/1165/299
f 1223/1163/325 1221/1164/325 1198/1102/325
f 1221/1164/299 1220/1166/299 1198/1102/299
f 1198/1102/299 1220/1166/299 1219/1162/299
f 1214/1160/299 1195/1099/299 1215/1155/299
f 1214/1160/299 1213/1152/299 1194/1098/299
f 1271/1167/36 1270/1168/36 1263/1169/36 1264/1170/36
f 1272/1171/36 1271/1167/36 1264/1170/36 1265/1172/36
f 1273/1173/36 1272/1171/36 1265/1172/36 1266/1174/36
f 1274/1175/36 1273/1173/36 1266/1174/36 1267/1176/36
f 1275/1177/36 1274/1175/36 1267/1176/36 1268/1178/36
f 1276/1179/36 1275/1177/36 1268/1178/36 1269/1180/36
f 1278/1181/36 1277/1182/36 1270/1168/36 1271/1167/36
f 1279/1183/36 1278/1181/36 1271/1167/36 1272/1171/36
f 1280/1184/36 1279/1183/36 1272/1171/36 1273/1173/36
f 1281/1185/36 1280/1184/36 1273/1173/36 1274/1175/36
f 1282/1186/36 1281/1185/36 1274/1175/36 1275/1177/36
f 1283/1187/36 1282/1186/36 1275/1177/36 1276/1179/36
f 1285/1188/36 1284/1189/36 1277/1182/36 1278/1181/36
f 1286/1190/36 1285/1188/36 1278/1181/36 1279/1183/36
f 1287/1191/36 1286/1190/36 1279/1183/36 1280/1184/36
f 1288/1192/36 1287/1191/36 1280/1184/36 1281/1185/36
f 1289/1193/36 1288/1192/36 1281/1185/36 1282/1186/36
f 1290/1194/36 1289/1193/36 1282/1186/36 1283/1187/36
f 1292/1195/36 1291/1196/36 1284/1189/36 1285/1188/36
f 1293/1197/36 1292/1195/36 1285/1188/36 1286/1190/36
f 1294/1198/36 1293/1197/36 1286/1190/36 1287/1191/36
f 1295/1199/36 1294/1198/36 1287/1191/36 1288/1192/36
f 1296/1200/36 1295/1199/36 1288/1192/36 1289/1193/36
f 1297/1201/36 1296/1200/36 1289/1193/36 1290/1194/36
f 1299/1202/36 1298/1203/36 1291/1196/36 1292/1195/36
f 1300/1204/36 1299/1202/36 1292/1195/36 1293/1197/36
f 1301/1205/36 1300/1204/36 1293/1197/36 1294/1198/36
f 1302/1206/36 1301/1205/36 1294/1198/36 1295/1199/36
f 1303/1207/36 1302/1206/36 1295/1199/36 1296/1200/36
f 1304/1208/36 1303/1207/36 1296/1200/36 1297/1201/36
f 1306/1209/36 1305/1210/36 1298/1203/36 1299/1202/36
f 1307/1211/36 1306/1209/36 1299/1202/36 1300/1204/36
f 1308/1212/36 1307/1211/36 1300/1204/36 1301/1205/36
f 1309/1213/36 1308/1212/36 1301/1205/36 1302/1206/36
f 1310/1214/36 1309/1213/36 1302/1206/36 1303/1207/36
f 1311/1215/36 1310/1214/36 1303/1207/36 1304/1208/36
f 1335/1216/36 1263/1169/36 1317/1217/36
f 1335/1216/1028 1317/1217/1028 1336/1218/1028
f 1263/1169/36 1320/1219/36 1319/1220/36
f 1318/1221/36 1317/1217/36 1263/1169/36
f 1332/1222/36 1331/1223/36 1265/1172/36
f 1333/1224/36 1332/1222/36 1264/1170/36
f 1335/1216/36 1334/1225/36 1263/1169/36
f 1333/1224/36 1264/1170/36 1334/1225/36
f 1265/1172/36 1331/1223/36 1330/1226/36
f 1263/1169/36 1319/1220/36 1318/1221/36
f 1263/1169/36 1315/1227/36 1314/1228/36
f 1316/1229/36 1315/1227/36 1375/1230/36
f 1315/1227/36 1263/1169/36 1375/1230/36
f 1375/1230/36 1263/1169/36 1270/1168/36 1376/1231/36
f 1377/1232/36 1376/1231/36 1270/1168/36
f 1378/1233/36 1377/1232/36 1277/1182/36
f 1263/1169/36 1334/1225/36 1264/1170/36
f 1264/1170/36 1332/1222/36 1265/1172/36
f 1377/1232/36 1270/1168/36 1277/1182/36
f 1284/1189/36 1379/1234/36 1378/1233/36 1277/1182/36
f 1263/1169/36 1314/1228/36 1320/1219/36
f 1266/1174/36 1265/1172/36 1330/1226/36
f 1326/1235/36 1325/1236/36 1269/1180/36
f 1268/1178/36 1327/1237/36 1326/1235/36
f 1269/1180/36 1324/1238/36 1323/1239/36
f 1269/1180/36 1325/1236/36 1324/1238/36
f 1327/1237/36 1267/1176/36 1328/1240/36
f 1322/1241/1028 1321/1242/1028 1323/1239/1028
f 1323/1239/36 1321/1242/36 1269/1180/36
f 1343/1243/36 1338/1244/36 1337/1245/36
f 1343/1243/36 1337/1245/36 1313/1246/36
f 1269/1180/36 1321/1242/36 1338/1244/36
f 1267/1176/36 1329/1247/36 1328/1240/36
f 1267/1176/36 1327/1237/36 1268/1178/36
f 1268/1178/36 1326/1235/36 1269/1180/36
f 1269/1180/36 1343/1243/36 1342/1248/36 1276/1179/36
f 1276/1179/36 1342/1248/36 1341/1249/36 1283/1187/36
f 1269/1180/36 1338/1244/36 1343/1243/36
f 1312/1250/36 1343/1243/36 1313/1246/36
f 1341/1249/36 1340/1251/36 1283/1187/36
f 1339/1252/36 1290/1194/36 1283/1187/36 1340/1251/36
f 1266/1174/36 1329/1247/36 1267/1176/36
f 1266/1174/36 1330/1226/36 1329/1247/36
f 1291/1196/36 1380/1253/36 1379/1234/36 1284/1189/36
f 1291/1196/36 1381/1254/36 1380/1253/36
f 1382/1255/36 1298/1203/36 1305/1210/36 1383/1256/36
f 1347/1257/36 1346/1258/36 1383/1256/36
f 1298/1203/36 1382/1255/36 1381/1254/36
f 1298/1203/36 1381/1254/36 1291/1196/36
f 1357/1259/36 1306/1209/36 1307/1211/36
f 1306/1209/36 1355/1260/36 1305/1210/36
f 1305/1210/36 1348/1261/36 1347/1257/36
f 1383/1256/36 1305/1210/36 1347/1257/36
f 1305/1210/36 1350/1262/36 1349/1263/36
f 1305/1210/36 1349/1263/36 1348/1261/36
f 1354/1264/225 1353/1265/225 1352/1266/225
f 1354/1264/36 1352/1266/36 1305/1210/36
f 1351/1267/1028 1305/1210/1028 1352/1266/1028
f 1355/1260/36 1306/1209/36 1356/1268/36
f 1356/1268/36 1306/1209/36 1357/1259/36
f 1359/1269/36 1358/1270/36 1307/1211/36
f 1307/1211/36 1358/1270/36 1357/1259/36
f 1355/1260/36 1354/1264/36 1305/1210/36
f 1350/1262/36 1305/1210/36 1351/1267/36
f 1308/1212/36 1359/1269/36 1307/1211/36
f 1290/1194/36 1339/1252/36 1374/1271/36 1297/1201/36
f 1297/1201/36 1373/1272/36 1372/1273/36 1304/1208/36
f 1310/1214/36 1311/1215/36 1363/1274/36
f 1311/1215/36 1371/1275/36 1369/1276/36
f 1362/1277/36 1309/1213/36 1310/1214/36
f 1304/1208/36 1372/1273/36 1371/1275/36 1311/1215/36
f 1297/1201/36 1374/1271/36 1373/1272/36
f 1371/1275/36 1345/1278/36 1344/1279/36
f 1360/1280/36 1308/1212/36 1309/1213/36
f 1365/1281/36 1364/1282/36 1311/1215/36
f 1363/1274/36 1311/1215/36 1364/1282/36
f 1363/1274/36 1362/1277/36 1310/1214/36
f 1362/1277/36 1361/1283/36 1309/1213/36
f 1365/1281/36 1311/1215/36 1366/1284/36
f 1371/1275/198 1344/1279/198 1370/1285/198
f 1371/1275/225 1370/1285/225 1369/1276/225
f 1367/1286/36 1366/1284/36 1368/1287/36
f 1366/1284/36 1311/1215/36 1368/1287/36
f 1369/1276/36 1368/1287/36 1311/1215/36
f 1360/1280/36 1309/1213/36 1361/1283/36
f 1360/1280/36 1359/1269/36 1308/1212/36
